"","WTBAS.1","WTBAS.2","WTBAS.3","KOBAS.1","KOBAS.2","KOBAS.3","WTVEN.1","WTVEN.2","WTVEN.3","KOVEN.1","KOVEN.2","KOVEN.3"
"Ifi208",6.29524209100664,5.22114467428918,4.2468129747033,5.87824487713265,5.80330194400454,6.12915240992937,3.84833110163504,3.97930735810392,3.87521794240725,5.14848252835619,5.47724563243167,5.07241828698564
"Mup12",5.87106209758934,9.45726709128897,6.23010043242241,3.8659119184967,3.81570480459384,3.75451245854684,4.91748131378568,4.38865958150849,4.02520374066976,3.94316217685203,3.77301225494971,3.71065562689865
"Snhg12",5.23372564765427,5.1970803380145,5.36448590250211,5.54654731843641,5.21948080844706,5.10668142011252,5.80665732280857,5.95468933878721,6.02058818407844,6.06757932088733,6.53824330005205,6.82131116418231
"Gm16381",4.90736901698942,4.9775166723276,4.82218776526776,7.3278073303088,6.3845006949432,5.72334810275832,4.86628709335432,4.85395748759159,4.33539348216687,5.43410240703768,5.58288392345081,5.37336446900922
"Ect2l",6.77885474470212,6.34219417947314,6.82144527923718,6.67710107492942,6.67357666936921,6.78515237176477,6.33399464265998,6.12785254674574,6.09196137636674,5.42136780147582,5.57723679864122,5.4319432846879
"Gm10400",8.43608614707429,8.41670472429346,8.2059267030124,7.39239588419996,7.35846939721918,8.07028611040487,6.58331567542953,6.86305169318522,6.53417514509491,5.13315287329919,5.61067273101812,5.65898044893789
"Snord14e",8.36387543655323,8.12781435085807,8.78316580105568,8.73684769299029,9.13190091079222,9.37555117281999,9.42071599495182,8.80431476292475,9.47358347693446,10.1352673550126,9.76153820463436,10.5246382296073
"Mir669d",5.61867020995133,6.19417329165803,5.40983957575675,4.16693653136625,4.88991651723206,4.41869130184863,5.29980764757315,5.39791779692432,5.15501856822134,5.13131064053224,4.8780828538227,5.40276878955323
"Mir467h",5.41535267581502,6.84152539256751,5.78096003967979,3.18662990020296,5.32557551410734,5.63674001474372,5.67063449183027,5.30777122319516,5.3938007596374,5.84132506013083,5.73647940827331,6.03312372468585
"Mir1938",7.21379542601006,7.10654973838024,7.46913434418884,6.98980995714973,6.87919883638641,6.59590252145758,7.4603251682151,7.59907445071488,7.94907046076249,8.02312007607905,8.24751053298784,8.69916127119665
"Mir669m-1",5.47940553716037,4.8515616129829,4.56616796559918,6.34518726476134,5.2330139537383,5.27754395891635,4.96408874848684,5.55587607408061,4.79592250982179,4.18610996719477,4.68133968612512,4.37813871344773
"Mir669n",7.05271010735024,6.94670018464388,7.62647342118205,7.10329034335932,6.50803532737077,6.45283273236274,7.17077761342916,6.89379996901921,6.90767218091272,5.38492671354674,6.18973175942913,4.75127198828827
"Gm10931",7.21142688508675,6.66464996890458,6.52197847901684,6.94026706993703,6.70122805516613,6.83044661207806,7.0680109526125,7.05941684475536,7.55435279386233,6.17701750324408,6.32336199412441,6.21997437046125
"Zfand2a",8.02982725157223,8.27918743177721,8.00941996656909,7.98075569590695,8.1153720873337,7.85260253046192,8.39500041715481,8.41523811318401,8.52078816248604,9.03548378127827,8.96531829619093,9.19396628622468
"Olfr331",5.64086395300786,6.24439429198642,5.90297169760303,6.07897623764756,5.92227122145358,5.94981396972051,5.30301722952495,5.7357178061602,5.56111067196856,4.8927618824451,4.85970685797967,4.47470248994824
"5430416N02Rik",5.82959137089566,5.88226006264709,5.86733890715714,5.73327274864062,5.65790353437822,5.62845516304073,6.15811976730981,6.20534826956616,6.31437801663327,6.639437979215,6.56750327113011,6.9789175959058
"Gm14636",6.06240625788963,5.68573517945309,5.47622094684572,5.72724643892238,5.55753411459391,5.63664266166801,6.34324383473595,6.17064885618443,6.45141600988365,7.40261740728946,7.35968480673046,7.56381509843611
"Mir3097",7.81117042930623,7.23533444961142,7.43715690588572,6.9845206548414,7.32240030712418,6.90940653455645,6.26876402806009,6.31318235020831,5.83444168644179,5.11582265091586,5.35250961931003,4.47893101233523
"Mir3109",6.2691869144378,6.32758132180568,6.37145524241535,5.94879296920385,5.54015573417705,5.61599273766533,6.62424593257008,6.61794683088306,7.24421469185127,6.70114928909055,6.72799258275757,7.25347471529514
"Mir3962",4.15221129591805,4.31228617801621,4.03742009264013,4.68280178551531,4.97149405696197,4.82270745307895,5.20568996995633,5.89386985843386,6.34588918516637,4.48222456588823,5.99708815839191,5.09036493193161
"Spty2d1",7.9934571416678,8.36961511212826,8.16551961321735,8.13580620079936,8.05993407530034,8.15457365484369,8.65791219803107,8.55503759820149,8.69798455482487,9.17725027107994,9.07068371213554,9.23045229671594
"Gm32819",8.20047777016062,8.01200700017798,8.24918543903024,8.66742505394148,8.19619668495033,8.46513300705706,7.55502568866767,7.84950060129024,7.43468875305772,6.63304611079048,6.90870417243261,6.97177707857162
"2900052L18Rik",7.49851155764994,7.03209035336797,7.27188756340418,7.1454403654921,7.54056117781857,7.19541478636548,6.43456445887114,6.82289521216533,6.73937542116083,5.82529716587953,6.02207390067127,6.16865129689332
"AU040972",6.47738391268429,6.33874667328428,7.1114082495079,7.60059336192143,7.05620676527335,7.57267130868413,7.4147596782181,6.9438414773296,6.93828966519675,6.16767755276143,6.79148903504891,7.00726716052536
"Tsr1",7.23885611598905,7.02368460663545,7.24056542433113,7.19108447591967,6.53550387703517,6.89209001648499,7.70771652545442,7.67677119250795,8.08096466254134,7.90621055737754,8.08869599985482,7.94042486716224
"Lratd1",6.41275292547745,6.50927665532394,7.03181021991087,7.37193778075744,6.36118992243357,6.81451114017205,7.51575425930187,6.76584101048413,7.19769021760438,7.96190879849504,8.23063428345176,8.35810134645294
"Ffar4",7.04228245377047,6.93943508112091,7.32871857805022,7.82756980308596,7.44018185524703,7.19243338557679,8.96616595992921,8.41422124505683,9.0924373807735,9.29704958473413,9.65293541639643,9.6430080993236
"Psat1",5.70984149775902,5.9323068299865,5.65628744367751,6.07543481764957,5.77872478565576,5.81947982121736,6.61062439330738,6.28130436534175,6.70055431607956,7.09204038835748,7.5992688207309,7.48014515664917
"Ankrd1",8.26053132676154,8.31833673259018,8.46100902677431,8.90230402850746,7.46369229083872,7.8114862965416,10.3448183686658,9.30535963243767,9.24154282401434,8.52773788001449,8.85165738881426,8.85166267002864
"Cth",6.27643554956291,6.45682171882276,6.25521808853632,6.66463554986841,6.27673246890136,6.54514536089631,6.72876464673968,6.68901161231346,7.15936372635237,7.66459086124084,7.49229634460577,7.46512635773068
"Nabp1",8.26614461441966,8.21650048752025,7.72106642104284,7.62335989847306,7.54005091287089,7.43833784905134,8.33127653098553,8.68092069935938,8.62028299657982,9.05390416071138,9.10695128083631,9.25728357500872
"Art4",8.1931291940367,8.1670412819722,8.21596451862409,8.3778217410229,8.31521753590072,8.13235311147409,7.66147131766288,7.82571451156743,7.56894708080663,7.16656903585859,7.19580839862695,6.94298682077119
"Dnah12",8.58083362535369,8.20630537183332,8.46779604269033,8.88516340186666,8.18825575349476,8.44786132739713,8.18783726667822,8.5198184029932,8.32245198100362,7.18054784028035,7.15028437697958,7.41426172131222
"Iglv2",6.14633767436268,6.44464837328472,5.87954892404233,8.0610035310613,5.88455655466823,6.0623814947466,5.71342433105888,5.72671280702577,5.82483973645575,5.50658822923474,5.4316550364548,5.06085756112081
"Pzp",4.90654730163169,7.06490340391111,5.40818289178414,4.48504452714169,4.2910670658651,4.36945147007825,5.12052926337409,4.65704454687429,4.2821883183706,4.50593569063075,4.23160565076816,4.43231455842649
"Acr",6.71954245674099,6.51066683454404,6.22781146146678,6.43968539800369,6.72224968872397,6.40286826633239,7.51246304084461,7.35162449207506,7.47465941727019,6.40690963733159,6.70425351138583,6.2557485989633
"Actg1",10.1327259036371,10.5412770115194,10.2836594127045,10.4273595159725,10.3156517374357,10.3762011577328,10.7638287887261,10.584895332384,10.6531290976194,11.3629180960389,11.5487586533563,11.3770270636215
"Adm",6.54583716636536,7.29438215591429,7.10945955188747,5.85710918598855,5.84565797271925,6.03869025313419,8.06117911758687,7.91522392136226,8.5001896961211,9.34647909118613,9.45248386470782,9.26055612998409
"Gpr182",7.8670799965433,8.31723451054766,8.02549730016522,7.63332912711585,8.16294298124489,7.79514266405496,7.0803717416457,6.91398484967818,6.98182033829895,7.30292904372019,7.28177794631454,7.23592952112393
"Adra1a",6.3450356258913,6.59250370168248,6.51624390360209,5.91689038223555,5.97070522844247,6.0299926388682,4.78608933743045,5.42807546546502,5.36773721797592,5.35367834317232,5.16067472267945,5.05914941719909
"Adrb1",9.06442754982345,8.94604245527791,8.91131873606726,8.44754061162667,8.26893553747713,8.23580483784247,7.82356716946178,7.78376415018822,8.20549234123824,7.62490704366865,7.31975721625918,7.45814251355228
"Ahr",9.69288813899145,9.85124187936908,9.70357929940326,9.13246463552159,9.25371236207239,9.15850906294386,9.47160302178375,9.28392761297693,9.48794741904564,9.93534243680518,10.1044652906851,10.041156500411
"Alas2",8.82792454940451,8.49544981675592,9.3412306409829,8.97133764213627,8.54130355181917,9.40745406722657,7.25188990066894,7.54880897775986,7.81743302717138,8.70231448502986,8.86859249909845,9.27463982807451
"Nr2f2",8.48259445334077,8.32638529604583,8.68776268404144,8.30189752889011,8.01160363785188,8.17172115708557,7.8294809138584,7.72607067220057,7.70590698120271,7.08929901706924,7.06050655093191,7.18707473505748
"Areg",5.78091771854146,6.03829805531441,6.14870002936579,6.08586810180165,6.0713928317157,5.94302319412712,9.24338757428852,8.71134626126456,9.40606161236373,8.94266610074473,9.07973089170607,9.28050403264945
"Arg2",6.44262357698113,6.3730618040157,6.25613709312543,7.21036672621871,7.25995061364746,6.55283848738241,6.9894369430346,7.76114847545987,7.5851589376457,8.15721352534912,8.00301703039985,7.80761488410512
"Arl4a",4.49353696526335,4.46580925852067,4.80348847106303,4.77320159568507,4.42516562065087,4.76592086320277,5.59208283050456,5.9618961789999,5.97248256913794,5.14727151535952,5.60261864386485,5.52204233529257
"Arntl",7.47049517734961,8.49329728843771,8.06372773100031,5.85516857702849,6.15508439098637,5.98626692739838,7.61538442358188,8.74777171124559,8.41878321419245,9.07879832724704,8.7040523426516,8.86662868956288
"Atf3",6.89784804104127,7.42766826941421,7.46620892285766,7.42515398310933,7.96607632050633,7.30321839178852,10.1148953145042,9.15985330871326,9.95480672006419,11.7963855052293,11.2178430384269,11.7058365885649
"Atf4",8.59301434389312,8.73295969380644,8.79392173582994,8.66164964744605,8.81609481352358,8.64584267330202,9.87869984100842,9.46634551619889,9.66359181900305,10.1331790929866,10.197321614743,10.3337685531157
"Slc7a1",6.72756722416967,6.82448956140224,7.19568101783906,6.77111525116748,6.84656777290216,6.49917646854765,8.25303341782857,8.0460548523452,8.51900959961426,8.12134552453775,8.60406301609382,8.39704910959082
"Bcl6b",7.36457974724982,7.31359056167758,7.60900440668354,6.67692623780402,7.05604675546718,7.07358399022752,8.44681945129499,8.43714262629002,8.58394749921413,6.95647502940042,7.66413737549055,7.80731442679142
"Bcl3",7.26418732470013,7.28678977102764,7.66385937431489,7.34946613832601,6.98648982177587,6.80657479666472,9.17893035785842,8.56435076352908,8.8631214567658,8.71028723345863,9.36112655654627,9.26274790459686
"Bmp4",9.71170310336934,10.0885301856777,9.96728521766248,9.58087212215911,9.75484256959238,9.71771392980817,9.12650171726877,9.1118981138029,8.91563075450151,9.57451666037271,10.1573109648847,9.81119615915651
"Bnc1",4.9329533787996,5.32762385840989,4.93261399245609,5.82952590197037,5.19795687912615,5.50484131919541,4.64971139321175,5.1347701552941,4.3400829893645,4.4551017541473,4.35283559863717,4.10291748373785
"Klf5",9.11490909518279,9.08340996319744,9.42423038075446,9.67643804019844,9.51763528511582,9.60105672360158,10.2202963053234,9.58899167420121,9.85158766168833,10.2959299138046,10.7683308227704,10.78388458917
"Btg2",9.33594792018284,9.78946119077403,10.0114766762893,9.60404092161194,9.95207665381392,9.57296919259736,9.67328430986605,9.10364981837742,9.25503006730077,10.9141308017564,10.5790175421422,10.9982363290906
"Cacybp",8.28737145004099,8.6876404842213,8.19900323905975,8.6548383352403,8.32798917316596,8.64492125572595,8.68489007338898,8.72212247612671,8.81249616912748,9.58067621329406,9.56112300452676,9.76205544842094
"Casp4",7.63319404487176,7.70740329942183,7.56751905008481,7.657562797111,7.75862363932713,7.61707493718449,8.48686084568264,8.6799544335488,8.60717683936156,8.9512860474251,8.76154747360201,8.77167741558467
"Cckar",9.7455687832261,9.49050162674866,9.33164964323846,10.0876510296934,9.99880467037892,9.93922057208589,8.50595306986605,8.95787291331377,8.7493985819634,8.81175176677586,8.15349711284303,8.4741060285669
"Noct",5.19026744591234,5.34556671696868,5.87424452232422,6.1561039592126,5.6543370389392,5.76289725484179,6.38060358823663,6.27843559777311,6.60010326645794,7.78058652217537,8.11971962380158,7.75280176303594
"Cd80",6.35916771480576,6.22022983425304,6.11340844139507,6.14106631635469,5.69742123540251,5.76934652707917,6.8819588056692,6.53862797717518,6.73679894265708,6.88872158655662,6.89366529216773,7.26099942311159
"Cdkn1a",8.64699333582489,9.34701347394568,9.4564016479284,8.61472386314675,8.96258715102499,8.57599622168287,10.3666893686257,10.7710464723424,10.8726361819034,11.3572353405364,11.7094949377756,11.4200779189668
"Cebpb",7.33989952068946,7.57836800549387,7.85310212255338,7.99613050313426,7.60597218676123,7.55276189505126,8.19573266486216,8.00094215951183,8.01881688248498,8.92302409186713,8.93898321737196,9.15647239106722
"Cebpd",7.40808218522463,8.1186178404652,7.84564792879901,8.23722546774633,8.04236938194845,7.67877645174844,8.87568112034756,8.36946585513182,8.58615107229253,9.17807141641393,9.33928023330103,9.1954975497383
"Ch25h",6.46696173486473,6.97132431457759,6.76978470476628,6.77927227073509,6.47295653995269,6.27859458963665,8.84556181738364,7.46012503699257,8.21346945656281,9.20083191884899,8.84470584385859,9.26719167271643
"Chad",8.98486993042681,9.08283948301389,10.3013484436456,9.92188817309536,8.7945658455984,9.64108890939735,10.2348034644762,9.36419363704292,9.36335934632202,7.76908715872774,7.82284352681091,7.84417648313127
"Chka",8.20946509754288,8.4202722278851,8.29161708432232,8.32068574729875,8.0338648145771,8.21419773040232,8.71839420545184,8.96889504581784,9.04056730455109,9.75733777321504,9.57655429319913,9.57205770153466
"Socs3",6.18653452399038,6.47912675909709,6.71413572368292,6.22597442525079,6.63982433270921,6.29916701802302,7.93101460994583,7.1657561248636,7.59555144160765,8.33432760675833,8.52380421275329,8.73832954686178
"Cldn4",6.05078814942774,5.67000061755953,5.75612118057961,7.01555156476386,6.69812697276321,6.40070257067007,8.59896116672236,7.58740604358115,8.23715573999772,8.2169637005247,9.29410855447354,8.76758521646132
"Cxcr2",7.83684775381297,7.56802932952396,6.55038386234362,8.16168066217776,7.63763932789795,7.2083689472101,8.1538422353428,7.97425689649607,7.70410362246578,9.02034030948708,9.37787174529397,9.04650612163673
"Ccr1",5.72843210468083,5.55350491384139,5.62556694618059,6.02599761223058,6.07625803583687,5.53804574871838,6.60310868660212,6.2750128273027,6.20400972039931,7.55386598801595,7.85090691067786,7.35704236977812
"Plk3",6.37791784193574,6.50341535987217,6.60709806912759,6.66704343949635,6.91221221737429,6.41835109270885,8.70919760679118,7.97482523400904,8.42883302743132,9.62099657356325,9.46775556600749,9.35516148293945
"Csf3r",8.73447856897114,8.30537624321752,7.93011777676738,8.6302507176741,8.54654395276255,7.78519607877538,9.23425139059585,8.7278811968241,8.57357506983407,9.17519029510977,9.53985304247836,9.31079603877808
"Cyp2a4",5.92401874550399,5.01367468578278,5.81404167820021,8.05250680326152,6.066649836478,7.94036528053616,7.44902677602967,4.89897390530413,5.05057311934297,5.47092642843775,5.79600122767457,5.94478047152371
"Cyp4a14",4.46293299107353,7.43122783834673,4.81523157659474,3.62019647538127,3.89804433061501,3.46541040750586,3.57368042306214,3.7548557113717,3.34121694341971,3.47892798923699,3.63068933654806,3.75344469920807
"Cyp51",6.85977338932217,7.25609166369464,7.09638259925833,6.92068430674955,6.56692212621645,7.25926060993497,8.19293466472932,7.97924152230747,7.63604964468381,8.3026086319326,8.40053259925248,8.67095939857265
"Dbp",9.45491329803658,7.4513274211194,7.93742372579144,9.80507366527762,9.43596245138269,9.64498525433832,8.03435274606804,6.89595470936479,7.12298601662233,6.68284350816299,6.72415376038311,6.91381124133913
"Gadd45a",7.52355459068668,7.46121668494039,7.47103379366024,7.28730474632558,7.38321285507821,7.37275344734945,8.72331119556134,8.11032499874603,8.81069922392804,9.53646232730729,9.62444206961183,9.49513776578583
"Ddit3",6.67858475397429,6.74043622833782,6.64698136405192,6.7657048404516,6.8723520678406,6.66213474837645,7.12645380811115,7.04154251094718,7.24702114989386,7.86774747419766,7.77671398357395,7.85385361067531
"Edn1",9.27182163093776,8.83126318995327,9.09862062523736,9.49549963234432,8.48728766326829,8.90353108413309,7.78769316898045,7.48436401120599,7.71276889176082,7.83953200787405,7.85106354791704,8.52139754464963
"Egr1",7.55791235713698,8.21255163255212,7.89222994754861,7.58968055104755,8.15501251887732,6.94898155073104,9.34337164571875,7.63306555891345,8.17725816599257,10.6500405769747,10.0409024715376,10.4571866244891
"Egr2",6.13166455064311,6.6369028701166,6.90939789881544,6.50254995707064,6.86871275922857,6.71036533490957,7.72555575017262,6.87681016750055,7.17102481928699,8.8757091749355,8.07696147941176,8.56743772339337
"Eif1a",8.04262002910994,8.41825918919583,8.36400513199722,8.26270283467912,8.09447608179723,8.18037935905796,8.78176101838975,8.77343389577865,8.91638893690667,8.96655574374562,9.29835053058595,9.47347822336345
"Elf3",6.06543092071797,6.22425081468696,7.1456256289426,7.23462651980901,6.53657225424251,6.70045741800684,7.84504855864163,6.96641543768256,7.49596697837722,8.29272048290665,8.09202314454404,8.412923485727
"Epha2",8.02908022022889,8.10077689608135,8.29335358626442,8.1979847658848,8.21713303182873,8.2319593252889,9.61513191313661,8.97335620086761,9.60324537650208,10.3394614385313,10.5593881597659,10.6064557211281
"Erf",6.52074042832818,6.79604638292306,7.20317607531918,6.39294616007008,6.59532789695015,6.28146914690004,7.3951627155769,6.84705223361097,7.54363449352573,7.23872770032216,8.01201139257953,8.06249961298109
"F3",8.38054005589219,8.4672551255339,8.69152695379825,9.5230285838041,9.00112134043268,9.09792092074905,10.7264076744677,10.1629874191391,10.5788479108295,11.4477087688627,11.7613860291426,11.2551066073929
"Fabp1",4.52245167126764,6.5890671766072,5.17142481865777,4.16265574805414,4.35768969568796,4.16729689701987,4.63129748620472,4.33823923793971,4.28458188174438,4.25039055191085,4.28987791220405,4.2041442018717
"Fgf7",7.92029591120709,7.39013111788246,7.4266458274531,7.49816651002943,7.56102521533436,7.48490979393909,6.86803425419824,7.29741482884505,6.93769944362866,6.45994819625562,6.52672091757924,6.4259126526315
"Fgfbp1",6.36821549190776,6.14909344102293,6.66205056359422,7.6820364958417,7.41683708392131,7.51508599504232,8.03490518506415,7.36965184025283,7.37131532130905,8.47701341644406,8.97268571573973,8.8715206556706
"Fgfr4",7.84441961065056,7.64842303951675,7.89875712486884,7.45610813160102,7.16275064478359,7.3366520367379,6.58521928458769,6.43755505933347,6.45342675730207,6.76020037659746,6.36508417926139,6.22654806847219
"Fkbp5",6.3838533695923,6.23081596817648,6.58708324045872,7.82287520715566,7.54803670404636,7.23727362238675,7.69025110536046,8.2291967013709,8.04205879140827,8.54749719640332,8.7837648297487,8.25833471195826
"Foxf2",7.88437542662314,7.52250510802667,7.75589602554089,7.11989029932564,6.88212272134949,6.83480130768299,6.5686504487819,6.35783895725503,6.2242789477638,6.25680361038589,6.4516179519292,6.51707057886121
"Flt3l",8.89814223113256,8.74261800266275,8.91298835555003,8.29405982090936,8.21678785196549,8.38257938100203,8.070071773639,7.71291700007949,7.85222244775281,7.11120494290879,7.19517623213549,7.04854275087679
"Fos",7.91860284675847,8.80591597088455,8.43285936857411,8.0018046076729,8.76371336077599,7.57264975166201,8.52065925358587,7.28779123461275,7.84558350104853,10.4084914963695,9.25372014159962,10.1469199363481
"Fosb",5.87595000901821,6.84244454970783,6.79264401235683,6.08388542779567,7.30127326057202,5.96078646144698,7.12460159375195,6.60197657814289,7.14241192008612,9.94426796248188,9.10612902870172,10.2355879373827
"Fosl1",4.82012592468126,5.48228441085975,5.25046414425924,5.39887806959678,5.1396611981526,4.98558650878958,8.01419535722814,6.83208301292843,7.65105364249492,8.37095129270017,9.73771065975642,8.76444551437029
"Fosl2",8.16643716431098,8.56385870660723,8.78329825800001,8.6711896885726,8.82108585617548,8.54662124872626,9.77156203803984,9.10860099659217,9.33169409327524,9.83909963300811,10.114331659602,10.3787445932832
"Fpr1",6.5026514247463,6.86802346135758,6.76502769827995,6.40549561128476,6.32559171316606,6.19441829397238,6.40311901169025,6.62244990107814,5.82234650230075,7.11169423547411,6.85455560112023,7.04938788435348
"Brd2",8.53394886942816,8.43707118121174,8.46593280447745,8.3013488221727,8.27740481123156,8.35376553799424,9.06368824637311,8.77248076389696,8.93706539753236,9.73184389441834,9.73631596283475,9.78251228331693
"Ftl1",7.70215607303883,7.46398966813864,7.27354945997685,7.9677567724345,7.60643178805448,7.29315462435008,8.9871284688246,8.91868764523251,8.92667916223698,8.77148830060023,9.16643902569622,9.13350906891656
"G0s2",8.0186940638022,7.57403134385892,7.99006089581564,8.28917216910911,8.3163471652721,8.40961427259896,6.90580403637368,6.70706883752593,6.95381675858843,7.58176154150704,7.0941701390105,7.41936350652922
"Gas5",7.74228023405795,7.68573162123535,7.51302052993658,7.3136492613308,7.20485467822091,6.78169365755699,8.288200380557,8.18081159742012,8.3241592791343,7.96563063311584,8.34191338106305,8.45459839978669
"Gata5",6.97552006765609,7.14582336090691,7.20602491314167,7.08459087341229,7.21554010453569,7.15814401775664,6.17972267881255,6.16166155947727,6.06062142145733,6.34539419995996,6.10710403882221,5.96719654475224
"Gch1",6.1173304282645,6.03056651718577,6.15284296465214,6.00559495562375,5.92973156257828,6.14923215599154,7.10522712896986,6.61519379795052,7.00302641494429,7.43654144587615,7.72515462074487,7.57701601414275
"Gem",7.2994791055903,7.74156005991407,7.51403937103662,6.79975315002334,6.57741607261383,6.65885326070649,8.26710336438716,8.56614725775577,8.38739527752925,8.53219346135457,8.16668868206797,8.77585577660165
"Gfpt2",7.22683965901893,7.48556796885802,7.64691860209301,8.44702489732651,7.56298903612174,7.57908430183387,8.66982784923731,8.69702199452156,8.47266460367359,9.29078776337372,9.17897353131789,9.46103559080558
"Gja1",8.02162924038138,8.25833445225961,8.37935226305147,8.22049689839236,8.15364933747792,8.03140744088098,9.21119311857679,8.62357846239211,9.0962266267566,9.49861665296016,9.49358464611368,9.69541305612031
"Gclc",9.49699072193986,9.79734853013809,9.82817123317581,9.99521444364214,9.67111586764022,9.76879807455024,11.8472931989532,11.2421405216223,11.8406326560885,11.7689751626439,12.3022661731603,11.8840580093891
"Gclm",8.60353471256139,8.45804099364779,8.45602675554203,8.8537004712051,8.39280077278804,8.70748693061736,9.81105774929819,9.47895417932844,9.71831525642071,9.32998177093038,10.0920600605459,9.70238346734859
"Glp1r",11.5839964412581,11.7892432969493,11.729134372346,10.719142195162,11.2460902683527,10.9493443586537,10.3175750926756,10.9186269637241,10.5425651834556,10.1987330626936,10.5477701747331,10.0223652083943
"Gnrh1",5.70243840898948,5.39144221901382,5.62339237692485,5.44950028653231,5.46891393038155,5.35126156410207,6.76457838122569,6.79950526653054,6.79912652168071,5.76657198155937,6.33024439747693,6.44098626417227
"Lilr4b",7.42751682528719,6.78827935525767,6.73403985566079,6.73597541797339,7.38182114840773,6.29898356099225,8.02410555864699,8.05398099368039,7.57586300352075,7.69385160684355,8.39596348315963,7.71051685662055
"Hspa5",8.53098211263867,8.58984141650962,8.70963048507684,8.68061538668939,8.33893251492674,8.60973943516401,9.00896088886541,8.85692543373559,9.21405245019946,9.43815436114775,9.49413292384044,9.70577356158505
"Gstt2",6.86470369367414,6.39177606695872,6.26161310053248,6.54197475235574,6.66667276658739,6.72778491613301,5.97119209234202,6.1102669071331,5.85460990370545,5.46023233522038,5.53656893778958,5.20093533827325
"Gypa",6.40434689090451,5.65196245501296,6.8722747239298,5.39695665326247,5.50864810701023,5.98642515420042,4.58251286694601,5.04019710594765,4.83488729824081,5.34464104440031,5.52483765025457,5.53349438633209
"H1f0",9.08648772890041,9.19069655937607,9.04763151188459,9.0449654338455,9.10381611265041,8.99108168500431,7.93859657916806,8.46229886390614,7.92052737122801,7.73245812598365,7.56538741966533,7.5628603406437
"Has1",4.72419608997686,4.90551643875655,4.95469462979081,5.5414119107167,5.07633285869776,4.85895966192246,6.33781799526229,5.94019123517989,5.96367958228767,7.04169875463794,6.64701502288108,7.19010119537405
"Hbegf",8.14133003804586,8.30210429766519,8.16545535359808,7.90417444692484,7.97967884499084,8.03992842876432,9.27157401081329,8.79914492381875,9.44914854698214,10.1796689528139,10.2262864425271,10.377494276607
"Hey1",9.07547299361032,8.61445963175849,9.21155902746193,8.85995520195395,9.38131895055293,9.25161719809438,7.86977200068915,7.85228014279186,7.92517433977759,7.95867672964926,8.09267762820167,7.9581709785339
"Foxq1",6.67179465974651,6.58051455279865,6.82874094762455,7.1742671391415,6.7020440897005,6.864331677353,7.42302920854046,7.03094314233814,7.55477159673029,9.07882987121615,9.12839816632673,9.50333065920222
"Hk2",7.06834744985581,6.82209228289914,6.41970872487003,7.54735191629545,7.41070191536671,7.44072971321004,7.92127210374995,7.75441264907316,8.13713951218884,8.01513600463184,7.97073446883946,7.85561574101319
"Hmgcr",8.1666352058661,8.44594019312653,8.62334558079076,8.18191974611321,7.62306365811168,8.33673776780827,9.31672103464907,9.05976712860854,9.07991972485196,9.19645406511657,9.06601813124905,9.38378011419017
"Hmgcs2",8.91893228670868,8.98369702711537,8.3103826177247,8.67277981136581,8.22631799571353,8.28773914576148,7.66397454724351,7.96025988804659,7.58253758692886,8.54090995752364,8.27813665921272,7.96082295438796
"Hmox1",7.45094838707857,7.4031497515644,7.76860036695844,7.82752106214181,7.64386705725659,7.67734631633801,10.5275914299016,9.1312578723666,10.0355629662111,10.4098877317027,11.3428275901294,10.3822806898565
"Nr4a1",9.51627728341189,10.2397158572345,10.355723559739,9.69545586068207,10.1779175359103,9.33229274003132,9.92021907628532,9.00919924320856,9.17462448688507,11.5927477364911,11.1599073308282,11.77672369985
"Hsph1",7.42222678899831,7.14487921629649,7.79066724263887,8.16539964262608,7.22856475616344,7.87186827767894,8.57075201142826,7.41786670918596,8.32631137734301,10.0456800695272,9.63998134710856,10.6653864937548
"Hspb1",7.09395731468543,6.59554590925651,7.53372382143002,7.97771243551569,7.19994101693169,7.43740067448311,8.13594958815395,7.10469966326675,7.47303331258794,9.09342565772804,8.76641119393789,8.9917232314052
"Hspd1",7.98930239277727,7.99722312808067,7.99696839725611,8.31025190056593,7.77596092608853,8.02562633092867,8.38983848721177,8.2095653898114,8.56584960930079,9.29456465539284,8.98303763935079,9.66291802988765
"Hsp90aa1",8.148150323948,8.18273650809474,8.03615554556444,8.53881276982071,8.14647714380887,8.51144134873015,8.74095818469837,8.65159777042648,8.59362367164983,9.6660896187827,9.43304068751132,9.90048372241656
"Id1",8.05849271858953,8.50132419022741,8.38276369334473,8.40226998685569,8.4970573613413,8.75590274126509,6.9899428356924,7.22140007166198,7.37053270046054,7.70764908382797,7.841444232391,7.70755771436632
"Ier2",7.3175743925628,7.26416430137285,7.27565331724515,7.5007766187243,7.4926681664348,7.32617480548304,7.84106110757975,7.26441602518943,7.65653310162545,9.34566184217454,8.58465064130777,9.231451889314
"Ier3",9.73454827221654,9.92908521396529,9.85828288066827,9.85731111312012,10.3935160327175,9.94441080676899,10.6735512253071,10.0401794861805,10.1795438538699,11.0153385714297,11.1461641905027,11.2286927254586
"Ier5",7.02703146993741,6.94571483121817,7.21900878995507,7.16386324117814,7.1433872910798,7.05983054313116,7.7588135964877,7.36327172540219,7.62608143059571,8.70281137008323,8.7889484572313,8.74208222401437
"Ccn1",10.2122219970017,10.7330097691432,11.0251868426961,10.1568168619708,10.3518481959195,9.86298381108225,11.2956386541197,10.4198874446829,10.8171165671373,11.6533070290739,11.5142557990683,11.7616095153615
"Igh-VJ558",9.12016943583015,7.75796275221215,7.48805783414187,7.64573528335915,6.91697131086968,5.86963138620553,6.86198078464322,7.00448972788312,7.2049059669271,5.7802301971623,7.0957448415315,6.50135107383523
"Jchain",6.07817969456042,5.52764931863666,6.46465473261033,8.23828999144957,5.3482805670012,6.54257099108241,5.41582263491748,6.23667213174472,5.90345446178193,5.12666252518794,5.69741902896889,5.62706739930768
"Il1b",8.78917583476187,8.75537012250349,8.30552252522958,8.91887580704175,9.50605231379384,8.21500031475652,9.37048968890912,8.29515310507834,8.29908710285081,9.65607303805499,10.1230906058754,9.9876043111628
"Il1r2",5.22352178898833,4.70182620477147,5.24427044287061,6.23472661543023,5.92539380116847,4.86233494979819,6.48449071325744,6.49017723535561,6.86841538135196,8.12905105086184,8.24461698897172,7.83536073858737
"Il6",3.75843071690225,4.29662721013238,4.16913466616122,3.68143362809244,3.90813361063668,3.92017971199222,5.32059340040051,4.60353455484938,5.1669598829572,5.40580318675527,5.72524343502161,6.89078770418318
"Itgb6",7.64322894647481,7.66455584729241,7.37146998596085,7.18721741744327,7.2382263997053,7.09962331807468,7.86918487215884,8.21342182687769,8.59572472957232,8.21758171816265,8.1897617694827,8.29385322755289
"Jun",9.95111688856116,10.2594165169188,10.1910288325775,9.87092010630486,10.1438609729858,9.69827625255501,10.5499023367834,10.3679447828031,10.3614194766342,11.8095367151386,11.0434080320723,11.5655926021571
"Junb",8.09657601792412,8.1014197884452,8.48589777876596,8.04218913960288,8.76146249962998,8.07778652527206,9.49723052376007,8.44561239471998,8.65762828981112,10.2122137848216,10.2067101307208,10.5921142884253
"Jund",9.00941092335585,9.02310552090521,9.43007142544828,9.20552068630331,9.35126913127139,9.08509392106413,9.94524512588102,9.59010000791748,9.65186618582248,10.5703671025106,10.3844122898721,10.4299930213114
"Klf2",8.73171202485697,9.20199795886105,9.41378889804586,8.87692107653982,8.25665939212649,8.5346542097314,7.56903223975804,7.52887368633532,7.6487861014158,7.51972922050615,7.57462997770991,7.49865738943512
"Krt18",8.080309058888,8.01616634201486,8.36595193081554,9.28924542514555,8.52993068400919,8.52055917128488,9.56774748143689,9.13939726259652,9.36991875321192,10.1640801567925,10.3055775931214,10.1615371655232
"Krt8",8.58012971123037,8.63721047993512,8.94358934591113,9.69628797463835,8.96148077862578,9.06981159524392,10.2343581550733,9.79655588234599,10.1406099584965,10.5967758822065,10.6097808440992,10.5451497582971
"Lif",5.66641096213047,5.65449200093326,5.69303627686979,5.52758614231117,5.74155731723713,5.88821724907942,6.42503617137317,5.82048907678745,5.91850184466026,6.87914800038721,6.96807647334789,7.19641532891024
"Lox",8.68161225695552,8.14890952448671,8.48888921407388,8.08081874537256,8.60792230894832,8.44074729795154,9.71558605101472,9.45124146067456,9.42098345222952,9.36777784564865,9.78967811342028,9.64343875869676
"Lrrn3",6.90466546440259,6.59906225273391,6.63530131171935,7.09597867712219,6.32620454691827,6.91493548360152,5.65323274230759,5.68861569606706,5.61009381412935,5.51237030791344,5.57216947090557,5.72443365424657
"Ltf",5.63118293500951,5.36232973312868,7.77326917516484,7.53447219080478,5.59016756686018,5.74988847057474,9.1091349829798,8.05326806875409,7.57449352764745,5.83111606931021,5.70122613580323,6.17017909103467
"Muc13",4.86124966279598,4.8459219453474,4.75594798672493,4.71855001705703,4.82906056594699,5.12529118698855,6.76851130391932,6.25437263027881,6.11930030882461,5.43398500530076,5.88863953029618,6.07239620163708
"Cd180",7.90986070999099,7.67961209874579,7.0636479311303,6.2895407302723,6.75732701621352,6.38197444896253,6.90274823524471,7.33066185098298,6.7039807468013,5.70673951422699,5.69454237309298,5.00181694268514
"Ncr1",7.08294182067488,8.08361601906956,7.13741497953031,6.05163301398539,5.50351978082495,5.66422757042909,6.17059597347478,6.63019781997537,6.462387317745,4.91203693838262,5.01526279908945,5.1266378938753
"Smad6",9.15108103845039,9.3784698135303,9.19137112509308,8.87422025055107,8.85821464043521,9.15501168644717,7.90657946250884,8.03511213273635,7.91628473354772,8.08074112183711,8.32138680722188,8.35297770231149
"Maff",5.96121472543563,5.96035932664654,6.41578289697527,6.48076097944916,6.81984188824344,6.79110182157588,7.78811256511793,7.18905551890951,7.64532284394325,8.26552601891392,8.19954279208806,8.25635910060393
"Mafk",7.81050130812985,7.89438755897996,8.25255573937325,8.12288197400184,8.23763867097745,8.04483749454079,8.51735016479845,8.24686666428153,8.6867308681339,9.15277481067402,9.48318724761403,9.51139378556583
"Meox2",7.97266992160656,8.09083719931382,8.06429854488192,7.6735536514761,7.42077883464598,7.48071252314922,6.44888103268381,6.69511920075617,6.37407132056437,6.26890193345909,6.04194662707538,6.02891729896983
"Mest",7.03062293026233,6.92407368896555,6.87721625038155,6.2982273167399,6.20492175021941,6.28067372170544,7.24486363707325,7.00229086941296,7.29044775181738,7.15048026497369,7.43198433027247,7.44747124056458
"Mmp8",6.75538383235911,5.90762028608533,5.4023639535231,6.41064758390091,6.66355225360995,5.89043634699862,7.38152570240565,6.99681122003203,7.01989771696626,8.69512276891388,8.79744457922695,8.42207626273643
"Gbp4",8.1836928908066,8.17100045170096,7.41125577661569,7.64468296972793,6.44633394551118,6.85148302480789,6.47171379416766,7.09827289216946,7.4014225790501,4.42595037704687,6.16087129813335,5.74587867493523
"Clec4d",6.20833154130163,6.09817375840144,5.60453680530286,6.54693583081369,6.82841327935917,6.14225736609108,7.03798654680128,6.83221221009712,6.92184510278513,8.30475957971414,8.61256139908632,8.53186961100088
"Mt1",9.21279430884145,9.19853820872731,9.28457304245724,10.1119474123413,9.71542413489696,9.74647461078367,10.7597349936836,10.6314375175296,10.9237091215414,11.1167924733723,11.1990602260564,11.1889775558642
"Mt2",9.45145614096403,9.04397291601705,9.56942607314928,10.5386074945411,9.91385382668313,9.75387448218218,11.8274929757387,11.7060148242517,12.1676223081048,12.1743089308807,12.2836622800728,12.2322520715854
"Mthfd2",5.32988936903694,5.21097635366697,5.11192378904942,4.77975657907218,4.58088218260351,4.83150522574652,6.4528345337184,6.46221465413906,7.24166507760633,6.65784627218047,7.01907440096273,6.68397395026704
"Mug1",4.4332526828256,8.09873305639901,4.81518638430551,3.63682250825787,3.60032845612181,3.38837205890141,4.97746510819864,3.65727442958801,3.34300098434952,3.55120801915419,3.43868405895791,3.45352150088556
"Mup3",4.91590592321125,8.66953865089615,6.94173324531522,3.64368321211374,3.6647905440916,3.75451245854684,5.30079925154817,3.89974322074018,3.64830116292154,3.72646858483392,3.52744308056887,3.54149228700771
"Myb",8.10538764164807,7.57387328001895,8.16706374363346,8.39489271572931,7.81938553078647,7.94810033351396,7.62052162929305,7.66132626720712,7.34565088862883,6.80506369178465,6.75558393078136,6.89006282940412
"Myc",6.7497225240026,6.88747643953381,7.14462708218562,6.91590498673989,6.53421353511533,6.6296862827764,8.66004366010228,7.92032437647643,8.31556809277294,9.05564371933779,9.38899077346282,9.35191093603083
"Ppp1r15a",7.38139303323926,7.61458254282999,7.39210160762978,7.47701256635585,7.28594965238239,7.18991838705961,8.1411964599442,7.5386572705621,7.78309090437197,8.58101688663558,8.81913343439035,8.86616699423566
"Gadd45b",9.57615896807852,9.34303560267377,9.44249205824072,9.09894640817219,9.5131274920876,9.37404552864343,9.95376587074887,9.86258042286461,10.2586211980926,10.2628109599373,10.410850023976,10.5572682076664
"Myh9",6.66118145163795,7.07819212121689,6.91513471367979,5.87025272205113,6.63074863299736,5.93197005553688,7.59861679064426,7.31247747252986,7.40146748754523,7.01963833427881,7.48993880027364,7.15147591897741
"Nfil3",6.84412573406721,6.98496626806278,7.08186639879649,6.91468681748732,6.63749145353597,6.60754379739893,7.79757314657883,8.13263949400636,8.42332278336101,9.25778584739063,9.22490229040399,9.56836283105967
"Nr4a3",6.64482208265087,6.72414536251426,6.68831350649834,7.1889579591621,7.33559449913916,6.44629060653849,8.36414876116741,7.66893618309263,7.97458071544234,8.93653860478,8.97783653135527,9.55599552166895
"Ints6",7.82073852684233,7.87903871675605,7.73960705890868,8.08553271662533,7.75586761488908,7.76059098458075,8.45810840003384,8.40794330075774,8.50388878512308,8.83313724483509,9.01007113212705,9.31776839641165
"Npas2",6.95839784555398,8.32672785769313,7.94514111597046,6.56679832196352,6.52008602556864,6.23916163760658,7.25867509340012,8.45472907278219,7.85890402609141,8.58433356140384,7.95557963068231,7.98980710493441
"Dusp8",6.72105319050916,7.05985368810056,7.0692357089642,6.97919613288298,6.55377150516329,6.84681562322512,8.35194072017645,7.69061068310507,8.01039956261859,8.58047096388483,8.56668237419846,8.52820692156806
"Osmr",9.34740900898648,9.5231882410708,9.45687664881423,9.2833660695636,9.11980250103514,9.13771691579161,10.1842573295169,10.113583958821,10.3146785560499,10.0765712695966,10.5297301249016,10.4560120137748
"Ovol1",5.17299186168688,5.10693972511988,5.32440726658382,5.37207933171839,5.56677143379584,5.11059140515768,5.31296816225567,5.21867299363877,5.29322629520659,6.8407124057925,6.1379045723784,6.73789184527459
"P2ry2",7.27902296729945,6.92922440453441,7.28743309320171,6.85363048739671,6.89919009490418,7.06617552882857,7.9163255202055,7.61736154809561,7.77493180189921,7.52277215579327,8.34867945481052,8.07858417968435
"Pax5",7.65826971632348,7.4396089614907,6.82986015086309,6.88056098253571,7.02969765378063,6.64250498080781,7.19573041386974,6.96376826485364,6.72857841893398,5.36316226971812,6.1010906231847,5.76587374280538
"Per3",8.19107915298035,6.94460738003275,7.2146800337639,8.98351538402835,8.76797367168553,8.79703070659432,7.38372888043308,6.4382545865733,6.50551327708591,6.54557737992474,6.55852688529861,6.77205917272632
"Pim1",8.17964788821731,8.28736682397604,8.40855090098697,7.74487539470192,8.0206762692162,7.78211191399356,9.18451110299268,8.52479285095775,8.70539031627422,9.38133860011565,9.75763073724367,9.59511418129075
"Prkcg",6.82434267934214,6.18748898796353,6.43324921572647,6.14023262482756,6.20512673097969,5.84400387077174,7.78455044234628,7.54228345826591,7.46388521416078,6.37450451397685,6.46246967967234,6.4778054471515
"Serpine1",7.56040279912349,7.70620161691406,7.48371785056716,7.38039412859821,7.53192139958482,6.98186203273097,8.76821519349045,8.27509850663912,8.67221106719836,9.2825569840062,9.52119652024161,9.6335834832314
"Plaur",7.66171760183892,7.87469553694556,7.94660066927054,7.97703769864114,7.98828495501044,7.81772530311772,9.57734024618224,8.77021716540297,9.15224814613073,9.5101063934467,10.0715587843213,10.1547008725607
"Pstpip2",7.13562396758922,7.19963789359029,7.04618230792691,6.90857596644965,6.84057183959713,6.88499054151885,7.36302654895096,7.28912900004534,7.07762457819866,7.82516651640394,8.38178922038564,7.85080940222306
"Ptger4",6.12735534082957,6.03363013751394,6.07862223365056,6.11607557328349,5.84961056407318,5.85715545359718,6.99795776357531,6.74716814257551,6.90057685396471,7.03596391654334,7.14168532818563,7.13352261625873
"Hexim1",8.01452300011285,8.00994166389568,8.34177877805996,8.32431841226151,7.97161921903875,8.13484509455662,8.66385688077831,8.25274142949976,8.6088270582043,9.17440802090909,9.21422724149852,9.50914899735319
"Ptgs2",7.93746021783901,8.20698824060263,7.84084867887838,7.10504620915291,8.22930223860054,7.69314409071318,10.9780297504311,9.96014947939613,10.9488464374708,12.1369171034459,12.1259667500885,12.0487673207397
"Ptp4a1",7.82902669298878,7.89263550381514,8.04051187328836,8.58543812645838,8.08380890508723,8.41938943639364,8.7159231105993,8.74002062406102,8.88254585539802,9.67030186722786,9.66769689401889,9.8877074729936
"Ptpn2",7.5725256006851,7.68324521992755,7.63513939571469,7.31428018008823,7.41524874580315,7.36690205155326,8.26744522367169,8.20612692630933,8.62201356887767,8.39697832972243,8.49362764732544,8.42780591644241
"Ptpn22",7.49525674986535,7.45613682619282,6.67890795726761,6.90704894126976,6.77765453635203,6.26902244673114,7.55714636466159,8.3615003597165,8.05768067504176,7.63008280066296,7.81964097311589,7.62659213607943
"Ell2",8.18573953713878,8.25311482587304,8.52000021580668,8.23956371388569,7.9238435029134,7.88826788495476,9.04954981779853,8.63157339267469,8.8216218911238,9.16065509215504,9.40350100725233,9.42530253896448
"Hspa1a",7.27690432197935,7.14442787261783,7.62070963835866,8.15460415435958,7.54179741629311,7.6590585071005,11.077914372205,9.13690357717154,11.1537464047195,12.7537783144129,12.3544468519506,12.8904969713861
"Reg3g",5.59978126883322,4.0803008834645,8.44934924819237,9.90343435992417,4.46136936622833,9.00050281459176,10.6506768883074,8.52008093331222,8.89066126578558,5.20775332097541,6.0115488834924,8.40422723028085
"Rel",8.67346885249785,8.80491026513019,8.31215073786763,8.11900201983095,8.10438626789895,8.14160609772731,9.03994128696444,9.11686969435921,9.00479275173691,8.99751059159028,9.14603439165858,9.34250153558421
"Rgs16",5.39838984252083,5.03432017424495,5.53101878181029,5.74444400261342,5.7865150665987,5.47438087611831,6.83068374829093,5.89164941531296,6.36698417258779,6.66851090306592,6.57130635983025,7.15322657809248
"S100a8",7.43810486075153,7.16893990562837,6.58511339607481,8.42990762050804,8.71859377736842,7.86154642319277,8.53840986412984,7.6361611035048,7.74888286768363,9.65441245719978,9.56039005311567,9.43805502061127
"S100a9",7.38348690674835,6.68992523383744,6.61518085915856,7.96845194892817,8.1579083484109,7.2996732118017,8.19690386231674,7.37902413088922,7.28764192365878,9.17203666864702,8.93138016643355,9.0689599599919
"Saa3",5.77360652431786,5.48369533543369,5.21405618865363,5.17396288389802,5.24591911734162,5.39858246851426,6.68302879133328,6.44121640494391,8.04279681966944,8.85334051035013,8.60997107541812,8.13898666023845
"Scn3a",8.63697003583064,8.87552964749279,8.40561241409108,7.55098303419988,7.25972224121881,7.49199280786769,7.56766945228731,7.85237980237165,7.5991755777742,6.54380670796714,6.17895371041739,6.33784178103938
"Ccl17",6.65578817939564,6.77381551466394,6.80923137804575,7.30544812581404,7.58845294772883,7.21015194544297,8.51110653848011,7.41190579219097,8.22663258405352,9.28118167224663,8.66888506323444,8.64632352103279
"Ccl2",5.49325177775406,5.97628954069401,5.87173192885226,5.85174125473797,5.77643253521738,5.79607288592645,6.45739594627509,5.8631351228995,5.97959857260175,7.30419746407467,6.45387025082431,7.20369443296109
"Ccl3",6.60427048361963,7.00614472114911,6.62916194967388,6.0002860313319,6.30914748031643,5.70771665906904,8.79808998064484,6.99183194431765,7.03446318204782,9.54939758702007,9.30969787310058,9.80919581717943
"Siah2",6.3226101221469,6.5346365010764,6.49615686568825,6.22919231229464,6.22010187659939,6.57279718127169,7.05436944681011,6.76769849942567,6.61943469826503,7.61153777978583,7.74587621572625,7.61605947897373
"Slc2a1",8.6030893251758,8.47046678226666,8.79791231275876,8.82534192670401,8.74391960499993,8.8969140271099,9.56136562785341,9.01432271467994,9.3833863423816,9.67746351011761,10.1321829082028,10.087345192704
"Slc7a5",6.82947820959396,6.82572186570167,7.16767434971226,6.87704583731435,6.88238028166608,7.10391979257047,8.59173526096608,8.06033818127367,8.48348559451831,8.73323463642221,9.11184449542615,8.93168951821128
"Snai2",9.02965856223315,9.36312421102565,9.51954490068371,9.03911312695661,8.63024069609947,8.85661783588174,7.96750521277986,8.08599606440899,8.1197875307913,7.84725559152029,7.94635825787126,7.69836927621189
"Sox18",8.634400997173,8.81590733808526,9.03379166663978,8.27162060259285,8.75010406682669,8.63301959998595,7.60087625874962,7.24321869056461,7.18129815596338,7.10063597894506,7.53160725293036,7.39119527236311
"Serpina1d",4.00332485900189,8.38618806676679,4.51587855998397,2.92098710206638,2.91992605232495,2.90594498539136,4.38210266635641,3.26988405290657,3.30471693562454,3.05711979337464,2.97509224666827,3.15464177928086
"Serpina3n",10.7041244458965,10.7506061564119,10.2338723478287,10.4667809279774,10.4657317141641,10.2851056778928,10.8908982677806,11.2071233034603,11.3116509935246,11.3871313037142,11.569185823746,11.4093207799482
"Serpina3m",5.61392712040843,5.42696008561326,5.21589270337612,5.71423115713526,5.78006939451359,6.02380860580528,5.87771201605086,6.25843502452128,6.66786803484785,7.21537399810173,7.64451211133692,7.25060088842609
"Sprr1a",4.73345627959211,5.72997963528467,5.87388899852618,5.85121024791608,5.51751235425063,5.14093396164222,8.43937998201589,7.07584699097754,7.49079534621714,7.49256178745497,7.79593864491936,8.21672996175381
"Srf",7.91926521501855,8.2088586633638,8.32502084152866,8.33544640200358,8.21258110566099,8.01553963335133,9.25291271010633,8.60439579703337,8.60504327349814,9.5714758294488,9.62055201082455,9.51954697304989
"Dot1l",8.65722411387075,8.58069990577853,8.73590645156697,8.19224680538274,8.47013408890954,8.11572267967441,9.39330568172729,8.8968848048592,9.10960100783082,9.11144871794879,9.39603264277485,9.39765178194684
"Stfa1",4.25080562696326,4.84442740487996,4.67272389854976,4.77117515496627,5.57017674661265,5.23658905860639,4.39572780891,4.22042280203916,4.23672613243732,5.61311382421049,6.43198297032598,6.42611288481237
"Stip1",8.06455693162245,8.31913351998805,8.33760645397098,8.75568258935967,8.27886301384873,8.4226456253866,8.83168333855664,8.34278018895888,8.58272028504463,9.51821618456464,9.41910149969003,9.87121147897698
"Hmgcs1",9.21136805680855,9.54959618024022,9.44582950099259,8.96905725790977,8.73817744497385,9.27627358566459,9.97573909164002,10.2730164919814,9.94516634988663,10.0105584336472,9.95310334397632,10.2544759655882
"Trib1",7.24654010143154,7.499100546468,7.53312634644463,7.60497514712527,7.82837471996198,7.40217240852398,8.85404769656577,8.07565213908138,8.56138798519817,9.74527021877372,9.65341307740693,9.76240403887768
"Frat2",4.74723164683273,4.94928863065781,4.94296984428989,5.31180881501609,5.20129659633073,5.3358546641667,5.56500019059588,5.06142823884157,5.26756221109907,7.52192324169424,6.85205084371087,7.62009378418553
"Tbx3",9.52345268107851,9.43347748079293,9.29522802792233,8.93792903975291,8.93242998054418,8.93020918485949,8.20872950860128,8.16358365714936,8.2667488629086,8.12477751479921,8.53970269345651,8.21159699104073
"Fbxw10",5.11556313240634,4.98665379784947,5.36101834290266,4.94291333195745,5.04369699812399,5.05984622298973,6.15302397810671,6.24118407663282,6.20086466497303,5.4613614774046,5.95993039936446,5.86752703031789
"Tcf21",9.57881933298561,9.61680467896842,9.74366212491404,9.46576158402815,9.49980671771208,9.66461495185691,8.79730572606288,8.64797880786331,8.48236536925183,9.16563440346238,9.5370277504139,9.42498291183054
"Arid5a",6.57360832564245,6.64558176227728,6.55149370599125,6.52458372858811,6.54978481767359,6.10434206058757,8.13233873011415,7.47820267061141,7.90521752086673,7.63477224654606,8.12943979878527,8.18631521869185
"Il1f9",5.51203442361608,5.2033259664354,4.49627158516078,5.87790291576797,5.16131096515922,4.56067560901562,7.05737777008752,6.62434454052324,6.5259579092145,7.81548166456188,7.68167203717852,7.21712332701795
"Csrnp1",6.62476088048031,7.2654925356911,7.1872897762541,7.61676550042534,7.22387779490728,7.37524194483813,8.00947424960579,7.40443138253393,7.89636727887875,8.82911568016542,9.23361474481549,9.27141389184485
"A3galt2",5.60913928558938,6.0315147472616,5.8105473387348,5.89373553668729,5.96136378093028,5.83355596390449,7.51967031524316,7.14078237587571,7.63855350907182,6.98343661176836,7.70380685293952,7.62723986328149
"Sbno2",7.66456125484199,7.70481796706278,7.63297131696919,7.47481558555512,7.61069879336121,7.3583818013472,8.7958896831396,8.17816983674921,8.46651724837316,8.32019015188739,8.63638606181601,8.82770692471124
"Phlda1",7.84665528393104,8.24266287497222,8.20355587983895,8.01914559637665,7.85138416650182,8.24329653646451,9.31648489497774,8.2024392081868,9.1504973546563,10.5400018033267,10.2985599338263,10.3798783391821
"Tef",7.99201580573886,7.34743828493993,7.71410766364231,8.64192967709954,8.34566362187116,8.44183019258693,7.32418059013673,7.18960819304229,7.03641221976,7.47805681818454,7.55720632369587,7.30904580926771
"Nr1d1",10.4847277328973,9.28883023211375,9.61299596830576,9.8015887080614,9.43662068743345,9.75399800220633,9.62523374518008,8.67635455852087,8.45930150341301,8.03911597865475,8.62452784167712,8.73206598778949
"Abca8a",9.02628893816009,8.59481970344101,8.60625458333075,8.69523617528577,8.63177475162396,8.70889168082352,8.18687449311294,8.56319444006062,8.01674291213486,7.66190934928042,7.60579549071495,7.40545917888755
"Rhbdf2",8.14816553670562,8.21188006063483,8.45827255264398,7.9194110857903,7.88197208240791,7.58046137946644,8.93456787361492,8.71944662082729,8.85036036598863,8.70995089853834,8.95754700783128,8.93970368769149
"Utp4",8.58671786641495,8.64485850561062,8.68103520301664,8.69765863564092,8.39035072563392,8.44010235803218,9.12756882367145,9.03707281081236,9.19249761444672,9.57682372995422,9.70063743948599,9.79096492780321
"Tff2",5.59795314794918,5.29716231855396,7.28735142858369,8.17298206620421,5.89076408212803,7.26726151935931,7.95357770802007,6.67655197794311,7.26173795216802,5.48992357553921,5.57915120727696,6.19498374331303
"Eif5",9.38431038616548,9.49871178402658,9.18393749055706,9.48260335013208,9.43117658426563,9.40902064434453,10.0555855868839,10.121106178882,9.88183980140526,10.3277667438215,10.5373303456748,10.4907574076023
"Mboat1",7.38495985587597,7.37361996230327,7.23189950643073,7.65771655366976,7.52129144591054,7.50076225509919,8.0811960703894,7.87997572342162,8.35803604281246,8.26886141798022,9.14397083751943,8.63794829797966
"Tgm1",5.43303870619417,6.03138341854121,5.65386337077018,5.62525981084596,5.92478232471308,5.82298568221854,6.81380702815278,6.18114564321814,6.91647643378792,7.18627376239826,7.43146888386305,7.26458028631509
"Thbs1",9.84851361210985,10.0739603101874,9.98259348303336,9.49043253958032,9.933783726843,8.99300605819296,11.9270565660069,11.5479726730171,11.5420316112935,11.9499320484487,12.2418264034673,12.3654259060324
"Sntn",7.85977498855059,7.60220429439465,8.2510179105151,8.62979153053426,8.07256291547606,8.36960320842518,7.56880026137082,7.38667255288171,7.29833980245141,7.00989544663754,6.88132270089965,6.94010084962544
"Fam216b",8.48775472660799,8.15228365107692,8.83370892870297,9.0678893729532,8.48326067127484,8.82583348011767,8.4340709401258,8.15420508556086,8.07637738243974,7.63699356543851,7.8113901379338,7.71785682608704
"Tnc",6.57708183961639,6.67417192278288,6.3026744510136,6.01137224586215,6.28887797692647,5.4123400685195,8.03369395511109,7.40667406228591,7.92023724933018,6.70997944097209,8.24644410350408,8.3820579720784
"Tnf",6.16418627511781,5.85065897258162,5.9237053450244,6.07093961916576,6.3152358465653,5.94941763916285,7.53129051350222,6.43404551802157,6.6230743756782,7.40392374371599,7.21466762494892,7.09896302739082
"Tnfaip2",7.28466678846088,7.48673622290035,7.38483923809819,7.24319110227819,7.21614904616734,7.12445343815859,8.20042440856895,7.71182469109277,7.76258769018074,8.10312551493415,8.42420631776063,8.45834113463684
"Tnfaip3",7.24126829778381,7.36169666810974,7.25332182327557,7.40656829369661,7.19036399392114,7.00538604765304,7.97540989953822,7.8875284447443,8.02852645474107,8.3928556126109,8.41281087667371,8.53987625997087
"Tnfaip6",4.51342708449497,4.85663254430805,4.63043823441203,5.17817664930407,4.88089735996901,4.72293815073016,5.55003294418587,5.57899274090375,6.12125109352032,6.30194190313499,6.68337678782373,7.47551944432279
"Tnfsf10",8.91717558872545,8.91997306286138,8.72423078964705,8.1573304989446,8.2099682952495,8.18081473045438,7.48598550124869,7.88409699258571,7.94137104205,6.78285041932641,7.23327257214745,6.69731888646974
"Tuba1c",6.95204589103299,7.11870420810134,7.16841155267465,7.41116018584747,7.32571116896047,7.26246043070032,8.03966557883319,7.71216820885645,8.0524309228713,8.34610804639448,8.6202458093708,8.48032155250108
"Tuft1",6.85395828345192,6.86477215441869,6.96010511667837,6.82334869821757,6.7853508843044,7.05439572151137,7.59349805899152,7.33578142962579,7.46193742266908,8.12914698625385,8.30354301418956,8.23464482614732
"Ubc",6.81807720763354,6.71180088092855,6.81692440161548,7.02877656825594,7.04454935006224,6.90483562841294,7.95152809256368,7.54493870087939,7.61879300949755,8.15557026408295,8.39419456709763,8.72693837208556
"Vpreb3",6.70514422834707,6.56038053413747,6.75264781185881,7.98250587167942,6.85774322191091,7.35198469456281,6.60759432587271,6.21191172086351,6.12095374992372,6.23110465280704,6.25235968822668,6.27796906448861
"Wee1",7.13083103881748,6.53695057158312,6.32648462130952,8.28546716338552,7.89754296980248,7.79218191600031,7.24192688209585,7.53176832386268,7.55824997381831,7.97794397101545,7.70919016595286,7.59046473786977
"Ccn5",8.63829888071594,8.84063607640614,8.61585072980161,7.82829473760424,8.25688573693932,8.25986134478664,7.80149671316215,7.8748663294034,7.43441076469341,6.94639214306359,6.69191224636421,6.89889886535467
"Pprc1",6.88992983879814,6.99841913774392,7.03136740367894,7.16669715775584,6.48099562155157,6.64620732835199,7.80115445272644,7.57205273680944,7.74429914537641,7.75581823177906,7.8919237821888,8.13692875664957
"Ifi205",7.00115745540526,7.15691501437959,7.25053029325291,7.70416840875416,6.58200623661192,6.54678932497427,7.95485249919153,8.09001347845834,8.10569772338511,8.12209567591393,8.41160945818544,7.67964177065933
"Zfand5",8.8840049723431,8.91384699624375,8.84570925993441,8.83060043403828,8.70698110625728,8.46294171445303,9.44349244037295,9.52093661679405,9.5503120643784,9.6751144198185,9.81405036891151,9.80874563666969
"Kctd3",7.57199894229152,7.56907951133212,7.79485502995394,7.65595216215034,7.54995798150554,7.47702657351696,8.48846065048004,8.18311442949624,8.47443817911235,8.37626655925949,8.6610004054117,8.73374358748007
"Flvcr1",7.50157565885946,7.20465893872392,7.44467408594193,7.69851799095837,7.40817611842759,7.26919116379273,7.78207953394497,7.74881984673919,7.97623483843901,8.35779976388096,8.48965174817947,8.87131583142403
"Zfp36",10.0726169800872,10.4435709438826,10.5054472903732,10.2040252607754,10.3498944348102,9.76410661367142,11.3067027288731,10.4938310285458,10.8029365768661,11.8242192130571,11.6625410465176,11.9363880330141
"Dnah7b",6.43720702064487,6.42584859798327,6.91830400241198,6.97852206172807,7.04307637986234,6.79491189089999,6.59679784252912,6.8899301436088,6.67808180479848,6.3502618628536,5.9327989029389,5.76147992705874
"Slc25a25",6.33085343089377,6.58706484110821,6.66125383717752,6.52036822731124,6.58796034012128,6.20115403255878,7.64068007940021,7.13771438488024,7.64381237006189,8.05613740918447,8.32180104950217,8.4813097082459
"Ikzf4",6.80611274272608,7.10030076600655,6.68847762011088,6.34359465997396,6.46847637220791,6.32054970713282,6.9655834207419,6.91555720295234,7.09281870909599,7.23482455408305,7.46562302020181,7.50705285591694
"Sdcbp2",5.74453569181926,5.87233756836464,5.68555078746745,5.86807793825852,5.68999467033468,5.95084596085598,7.12022426206314,6.60051424265314,6.6484949542104,6.2364848247179,6.53440940506981,7.05357984307338
"Shb",7.19139450195603,6.93086777519982,7.1396831573888,6.92238793501106,6.96956471069161,6.78568841347448,7.49954606629049,7.35284701233012,7.49235775428415,7.55199679183469,8.0024231937704,8.17175388642779
"Sesn2",6.6129559815513,6.69235756977931,7.05038182856281,6.90199901801365,6.79916461475155,6.76550162560175,8.1741648329638,7.5836560859257,8.04663969017608,8.50895174383064,8.93729994724042,8.60137950785287
"Cc2d2a",8.03990779836686,7.71189898810775,7.88657889094137,8.05438670565916,7.96400468143542,8.09163285962228,7.24646725230575,7.54670758569527,7.29823426539863,6.87444055262511,6.84221063482397,6.92244800575979
"Mat2a",10.7331707143246,10.9228261485632,10.6048541456761,10.6349643140677,10.276735440335,10.4859704192174,11.3291460078843,11.4570455891288,11.5475633336011,11.7103917118417,11.8119661014242,12.0064192824943
"Itpkc",6.52989506102585,6.58461618051096,6.62841401984769,6.54647307553197,6.63245918404224,6.64179193297862,7.39595998482756,7.09298973577134,7.44348284269039,7.71517380688107,7.90810439821982,7.99070828675763
"Tpcn2",8.00973081030447,7.89510920003854,7.92824146187427,7.79134055945715,7.89938163621407,7.67531902833388,8.44398944790131,8.47330832200291,8.63426145197004,8.9508134441038,8.73057545697053,9.01564392006023
"Zbtb16",7.83555814491746,8.13846393734286,8.51148766251883,10.0780591434508,9.48535540816821,9.39023578741334,9.61258634232964,9.96665804471073,10.1189316113235,10.0067825068568,10.112067538847,9.57261031773849
"Aplnr",8.00396045806574,8.39131834143496,8.50053740687897,7.27508972667411,7.61523354942639,6.83645141718555,7.1608803789511,7.44970871462588,7.38112216464788,6.21506559767952,6.41586593526011,5.81156898280058
"Ighv6-6",7.99536506640221,8.16739010624785,7.56160796687142,9.81680810106566,8.47928632388464,8.24948008815832,7.7855329078661,7.94585126229186,7.78917447458969,7.72421395024596,7.78198062220075,7.78491042035643
"Clca1",4.67422982561029,4.60004283431411,5.77400740936772,5.12493048488285,5.1601538099509,5.2887911716637,8.41375631434817,4.86946393954028,8.30839951009143,4.98063881583075,5.00769129105755,5.36529803816817
"Clec5a",5.26483761258939,5.43767483887669,5.42282934676543,4.99904221761472,4.95038588499921,5.11871799963537,6.0916707641006,5.63516946029457,5.64865135222098,6.00490688714758,5.8775658422809,6.31836291997386
"Macc1",6.39575172687439,6.3958283914494,6.89465328921174,6.96701616794584,6.71256137851821,7.0374005024828,7.42868603397817,7.22310873368512,7.45334369468403,7.93618485345524,8.03442928175835,8.3055811311621
"Gadd45g",6.85606565006743,7.07096362453075,7.51448542720417,7.85755919714585,7.25365461966421,6.64767721552763,8.73889184929841,8.52685374942729,9.1319098885939,9.48451941754017,9.30024601999109,9.36622171039599
"Slc26a4",4.62752540864764,4.83998605716401,5.19960424760374,4.24812995484325,4.37500195262402,4.35058993356595,6.59297851622866,5.72033551291311,6.95727215176538,4.59922524548645,4.6562828272985,5.36414112254586
"Spry4",6.96204673262761,7.53470650395642,7.39566660631749,6.63787212901856,6.97572308566901,7.01408422031211,7.84702586524462,7.33637570959995,7.74515607945985,7.97162510954587,8.35776908293486,8.30749951992722
"Dusp5",6.91080997481597,7.43703927487928,7.33642417482965,6.92226395790721,6.86027257451917,6.58615463929445,7.42871482421329,7.11044643826266,7.1582866514558,7.70109493786167,7.96855383487187,8.15310986792362
"Map2k3os",6.35040059853613,6.54672210173403,6.62482176737163,6.26461494672333,6.10636897174751,6.08897618237917,7.19380864694454,7.1765702122758,7.14748194254692,7.85009726378753,8.10830422144025,7.99927044347453
"Adamts4",5.06334242580254,5.22603185790413,5.15897533586735,5.25437709786791,4.86864196620958,5.11520665057442,6.16277453959805,5.69978798718726,6.13600111451402,6.62713513144302,6.85231789996782,7.33195133982614
"Dhrs9",5.3478879423458,5.39480119437639,5.55186615213533,5.88105591008141,5.29420342450105,5.43758664143657,6.97565107081004,6.39650332544218,6.41282962404722,7.43620436433091,7.46057469363717,7.28985683708656
"Slc10a5",5.983927257632,6.02649228498275,5.51426945661619,6.67266599759127,5.5659763784436,6.48136533756846,4.87246673570461,4.75477407495101,5.01486081022485,5.03497636687973,4.72831268852735,5.15388343883193
"Clec1a",9.6077323412342,9.51545774314398,9.27537398548336,9.23583929280417,9.50470010752677,9.54720773193563,8.27941475640167,8.84489304879478,8.67425892763303,8.16094864469433,8.57537054352044,8.04343236751302
"Olfml1",7.55895864077432,7.66999245765034,7.55606394857373,7.68852911100565,7.16427137057632,7.57201515312094,6.28024698687588,6.56157731466021,6.22323942016096,6.34436022632942,6.05039123736255,5.81707487151916
"Retnlg",7.39709216346921,7.00994240064592,6.6814325339722,8.00749618199227,8.66494593496208,7.22361678715156,8.73668299430481,7.93766199142832,7.96689563950787,9.62836553349946,9.67218890348188,9.50531298798613
"Olfr1392",3.05202308330824,3.06837314787536,3.15007015298132,3.18203589560606,3.20790406896628,3.20855161988659,3.69606663089535,4.35228779227325,4.58491467514949,3.12352841036005,3.80790934516243,3.44256619897478
"Ceacam1",10.5041183559465,10.5841037118612,10.4275942058663,10.4766801026415,10.2009965629845,10.1753711045586,11.356708018463,10.9715537990511,10.9022090520684,10.8262244545564,11.5678148275837,11.4607834619441
"Map2k3",8.81499827456514,8.47581776083913,8.82834097170257,9.16981146527577,9.02112167883717,8.76557395436072,9.57778666598483,9.12569835481155,9.36762730245963,9.84307827064213,10.1248875950801,10.0340759085306
"Homer1",5.16754418123908,5.10752204948477,5.48425476659193,5.27719212020319,5.10696203688266,4.97834070921735,5.76630644788055,5.53964502899406,5.73395804632456,6.49543697277218,6.1426915568617,6.77294451223791
"Slc7a11",4.07915814602319,4.3790215065409,4.28361100615244,4.45963375581518,3.97862326724403,4.23222586678915,8.77795235410781,7.66527910189595,8.84004099297324,7.83794310171178,9.36368667516835,8.38003854647845
"Sh3pxd2b",6.55935303830027,6.53911061061876,6.78170574243835,6.21248687708412,6.33361347636692,6.48283296263868,7.53322787867089,7.65298535490183,7.87061424875788,7.48168624194757,7.8090454787275,7.63080288734126
"Abcd2",8.58546796989133,8.32876439417317,8.15541911993551,8.45640438128738,8.10496027730003,8.28611377840817,7.46325540920185,7.76679406749385,7.52485713819546,7.21394172572694,7.29890539101212,7.04914005064665
"Klhl38",7.24741697937485,6.82452533471875,6.8355599960823,7.1395162053575,7.78628580943979,7.2377236157284,6.91281593654173,6.68108437714899,6.5167637784074,6.11092341780744,6.43429361335612,6.24726160288075
"Stfa2l1",6.14006161238548,5.72727657134513,5.08391242655951,7.60766231542757,8.81923906812917,7.55315769785859,7.2006828120647,6.31322451724713,5.80706948306337,9.69179561442404,9.95983442580603,9.85893633623638
"Nup98",9.29876734709369,9.27079847622461,9.13764316961665,9.42271661688712,9.30382860488138,9.3225282145722,9.75278249208355,9.69406181163415,9.67477805944933,10.2336120175567,10.3954210611963,10.5116546919251
"Asns",7.0931872148928,7.47499325299463,7.27592792004153,7.51198041828253,7.34026595862812,7.27423171418912,8.05874387678042,8.13908252901625,8.44984188491483,8.45374279259017,8.54240957065225,8.49166317598378
"Cars",7.4187787907711,7.19121036796571,7.07865951828648,7.41908972010753,7.18044588381959,7.27726200147501,8.08986477673641,8.03935258482781,8.33591727862867,8.13219945121867,8.35459476513753,8.52627928441148
"Pdk4",8.01141618794835,6.95965606319296,7.05295198151141,8.58903994599521,7.59109637413831,7.37581908696479,9.67474024533684,9.46786239777496,9.47704526708783,10.3845012378763,10.3911363334794,9.97186638742423
"Tnfrsf12a",7.18875080126111,7.63641442129851,7.95337657610802,7.83178665558097,7.56220503692219,7.66869615741665,9.82050545965216,9.21002602336593,9.54526703566769,10.2507989749666,10.5472934106636,10.3471234850313
"Bag3",8.65015524139226,8.72058321095842,8.95523811562012,8.4812512971355,8.51431634192709,8.35385909820097,9.12808408217918,8.84467935615583,9.08614347894258,9.48331595621704,9.54101686301249,9.95741112402489
"Tnfrsf19",8.34142473096731,8.10857829573014,8.16904879356887,7.73989439699534,7.70502027645263,7.66482283527222,7.22978673727071,7.54107522102341,7.05112581841772,6.74628408244386,6.73027520797638,6.56538591486216
"Gnl3",7.18404220836346,7.2370337643376,7.04358675476015,7.44204219194894,6.90204993061787,7.07164846955633,7.93533457919192,7.83610558947563,8.03033527891422,8.41418247131008,8.6952978287558,8.65796992437965
"B230325K18Rik",6.95553722952169,6.69808759887411,6.55609894754715,6.62849247903779,6.87630227299662,6.48606940114388,7.46595603871151,7.77564858066635,8.06276461050025,6.6686981084251,7.57403284095559,7.79261852850522
"Zfp750",6.76469086269469,6.80277040703008,6.87258119014707,6.89476544956264,6.74118178041946,6.71933888380494,5.79024913043498,5.64187468260533,5.65730317670262,6.0324153103215,5.6668928161628,5.34491647405363
"4930539J05Rik",6.44766306287785,6.10820709646916,6.47856030117433,6.09856241787458,6.53728121572789,6.13941277952189,7.33920135642504,7.41787269763226,7.68050500401868,6.648121425523,7.29600902655781,7.1943955239245
"Mpzl3",5.75540897500468,5.86656184533425,5.72843349109263,6.25971361256789,5.77423537989854,5.8568164416383,6.63262800963961,6.48299685469961,6.82109231438928,6.88045571844669,7.22010716242846,6.8973390334325
"Igf2bp2",6.96085503087999,6.85882897514053,7.08912117656227,7.33402559410524,7.36672236457383,7.38102144083037,7.54910999299797,7.68025871928335,7.68887826223532,8.37486821138906,8.58368086835428,8.25021829281965
"E030011O05Rik",7.13824790253339,7.20986215315935,7.09716262223021,6.91668381891752,6.70826376838144,6.61671822568196,7.81366253828783,8.02959753366875,8.1588638264729,7.83145308964432,7.98546086080562,8.11528429555834
"Rasgef1b",7.91693316191329,8.13389241628704,8.27259817518525,8.49166825292027,8.47998583082661,8.42656913748976,8.67381790289977,8.59945850102504,8.7896779579012,9.88216550654878,9.67078521772002,9.73258348763394
"Cass4",6.48876133737813,6.5914793212347,6.00586759680792,5.46466636958406,5.63670799514072,5.54193279099802,5.33866022138984,5.0350482565528,4.94563852092334,5.10896552397304,5.04156489479145,5.06610148278444
"Cyp4f39",6.31807644561549,6.88879498456103,6.83207633519597,6.51379001071868,6.38717860458497,6.48834879908406,7.65528776292669,7.40766475565082,7.67858798980246,7.2881350655731,7.83667171998165,7.506691715704
"Kcnrg",6.39135445150552,5.88186352497403,6.47534704899644,7.22897785231467,6.86235324091752,6.96278457836802,6.28305959104703,6.14656150782863,5.7158972017216,5.77314609524334,5.6648276020646,5.66257333482675
"Vps37b",7.55474357816864,7.26169100164249,7.39975163685535,7.13817428101308,7.3490303040219,6.83836424826517,8.02105827237045,7.70676761001945,8.00182861121497,8.07889894668,8.34449348264988,8.36073122615008
"Nr1d2",8.77945109784818,7.65316610459662,7.92926556599336,9.16135211067264,8.80548354575929,9.06858377580005,8.78285683994567,7.95307274406865,8.08861774888264,7.35422270667512,7.87141427316751,7.93557411716218
"Zfp948",7.10182805811259,7.1931573009647,7.0308975666383,6.80367010346107,6.90173300216753,7.03563744599838,7.83479817667149,7.75738464203147,7.6544103365143,8.15211880019375,8.578616068571,8.64697661520156
"Tmem232",7.38241473769069,6.95917175174236,7.57005951089704,7.7596863812668,7.25409347583648,7.54952157495397,7.22965064786021,7.2699308375204,6.9355304298904,6.20761555641953,6.49524496341785,6.85198804721939
"Mup20",6.19617365415903,10.049781174203,6.44389621559317,3.22585991996645,3.12045635357876,2.88297541640049,5.209560088171,3.13311155354969,3.46840042762069,3.02514365196164,3.1804268043376,3.26209939465866
"Thap6",6.95288226449572,6.75368860259146,6.39098665437886,6.87772820097248,6.71864308559564,6.52947769848039,6.88860275347942,7.27344886702997,7.18752408816744,7.94709332929855,7.9083593608515,8.04896041137892
"Ccdc33",6.10618313381014,6.34103869474068,6.7962256033749,7.15706507683723,6.46631242771195,6.49665111467853,6.72985140677821,6.38126314200489,6.13147329621496,5.55893457314009,5.67657424662451,5.66674984286669
"Irs2",7.6709310160767,7.89642346344597,7.80794230899954,8.2321183471617,7.97704122305816,7.85537376790637,8.6504479944153,8.22037110421893,8.28583692970043,8.96711290215884,9.23075082987905,9.30107561620555
"Mir18",5.12529490993619,5.38724395063416,5.16476400643805,4.87331866059474,5.10893366204944,5.22610831711255,5.3448580067483,5.36280163156428,5.67557073830606,5.80058683541919,6.8539770274345,6.41741830890785
"Mir27a",7.72335517394135,8.06486966536525,7.79611542657372,7.51927704808982,7.55595182775974,7.2789784291169,8.56379113332166,8.4711741999364,8.49438430772778,8.2931039423377,8.72442381059877,8.83429190504928
"Mettl21e",4.51486090521194,4.06064524784686,4.22836548831027,4.76950276946638,4.85702069604368,4.68441149936445,4.91698126122431,5.34676404273751,5.70550285920091,4.99515695134138,5.15769352926624,4.41539082905166
"Gm13363",8.7752321019667,8.89823815810874,8.50157837006635,9.44291362925166,9.31434476521535,9.28460583923943,9.8325091851476,9.65844056368102,9.95256522158213,10.9127837649545,10.9805830183545,11.0569713386348
"B130024G19Rik",7.51242536206551,6.78099959076988,6.65580901706768,6.56314649691907,6.67252624138805,6.56894006989754,6.1378663233685,6.19431104649726,5.67557353511568,5.26970056596515,5.50987020808538,5.24636930010669
"Txnrd1",8.74219161935796,8.51783347567112,8.68229004337365,9.03960524339834,8.81219310784072,8.83357766996888,10.2546059985857,9.93181725829879,10.3273707836592,10.370275713984,10.8831567014883,10.7153800033288
"Polg2",6.63786618329581,6.55325530367985,6.469984860814,5.96839913061105,6.44408337674239,6.09669333298359,7.30892751590724,7.0956171922328,7.27298654351483,6.69390763430929,7.36338047841122,7.7436290226848
"Rgs1",4.92650607261368,5.26276245402252,4.97867507053417,4.6100253943889,4.82537032229614,4.40599380118661,4.78424202994785,4.78442662588637,4.44654477239642,5.50720867856789,5.47483986992348,5.36391664899825
"Nasp",6.08312243717919,5.880374764489,5.88611182508471,6.13288665251909,6.05102176112803,6.05962275884239,6.39329661591783,6.51347827764118,6.63554737102568,6.83642333188093,7.04585374999864,7.4402059818014
"Ctps",7.20457031056791,7.20731024057791,7.21204487262627,7.35531161797026,7.23434175995411,7.32049158734281,8.37646400895914,7.74635267045152,8.33095582884603,8.21351061060794,8.6733365804093,8.69669381240363
"Ppp1r10",7.64742920368012,7.46801465536147,7.95648173734674,7.73980387914968,7.50223288305345,7.67772546996707,8.93068977926898,8.55738179610975,8.94216929017282,9.12724254383381,9.02238760713834,9.32795538935422
"Pvr",8.57929516872765,8.82509313487311,8.90991072211594,8.38192879972362,8.2517275337582,8.41772312355,9.49825369090276,9.54600326628347,9.78692972875152,9.76978519758113,9.99272551445943,9.98809815020842
"Ppp1r3c",6.59767521639587,6.83849420151325,6.73549525205818,6.21383380797992,5.70405936678112,6.09179350501926,5.57769349992174,5.81650336650574,5.77439961777777,5.88389673570631,5.84486954960012,5.85386335304466
"Map3k6",6.79152223497848,6.43034028947702,6.54377665366012,7.48119912536484,7.63478140479336,7.25824084747251,7.91839030835717,7.7465942259651,8.14198628692509,7.84843965406166,8.01733203807024,8.02926675520153
"LOC544905",6.93086528844162,6.41284163274561,6.75265165971614,8.03541826722393,6.05446694754252,8.17567278662821,6.51853065587517,6.7676838605663,5.7833490856199,5.4123539925325,6.01317650612497,5.81243785503688
"Syt10",6.833861192319,6.54988790171073,7.05279313967824,7.67318771565896,7.04146709213195,7.09482802104795,6.4813650617276,6.76781869094655,6.47898644600096,6.26541621667262,6.09475036073542,6.32352531187023
"Gm12474",7.93204986685739,7.6476027395553,7.6234908805356,7.8415547316724,8.20608619604142,7.99585217588285,7.14706330922263,7.23079653368359,6.77677084759136,6.81047160288684,6.59438897621392,7.06889701912233
"Serpina3h",5.26087636220196,5.54815612119855,5.23772518558025,5.27377119895257,4.71910493828507,5.28559082163143,6.09397985573737,6.70666194589758,6.5284015227425,6.03919727744247,6.14690385515119,6.07088476259463
"Adgrg3",5.8450913517732,6.42505218706792,6.05835275154165,5.57221845500292,5.38478891808414,4.89614129427726,6.25722198232888,6.24961500039408,6.50757198201688,6.52439946052704,6.16688989920268,6.43211545933036
"Rcan1",8.34568341210465,8.33008412859972,8.29564994764693,8.34310072171483,8.01059268280322,8.29746228910814,9.88927279121331,9.39934091750625,9.93665929755205,10.4709291770512,10.4554482590086,10.2717429952473
"Sertad1",6.44731860808211,6.18143628167661,6.62488103193912,6.53052795643266,6.42180941912425,6.74787887043803,7.29749279250982,6.80352576355036,7.02645008702828,8.03277251201726,8.17478377072682,8.42029156737363
"Nop58",8.13301373345746,7.94052280616384,7.78578873999034,7.95370842834978,7.48838489504057,7.83544871602033,8.62376403245194,8.69815820016589,9.06179789429645,9.01993826774632,9.06548987267794,9.4189933940013
"Clec4e",5.62686275436527,5.42409951116219,4.92750022750934,5.46290019995437,5.28605268559581,5.30820005669511,5.93571815249279,6.01418579872919,5.91584862891232,6.85238915419777,6.87023261153602,6.81641889102742
"Clec4n",6.71071793474253,6.78739985802814,6.91190554412478,6.3186160900459,6.68391544062925,6.63341795319591,7.39517347239867,7.14389251183834,7.16001235202314,7.67165221161167,7.75925172844126,8.18665631412033
"Ccnl1",8.61782540190075,8.80290650239399,8.79818684928497,8.47226316886232,8.49049059143758,8.50839695026997,9.27950732186737,9.19804145611042,9.19421670283505,9.80335277076553,9.75958989374263,10.0191211852762
"Kcne4",6.17005319779568,6.53635995745187,6.35707923531651,6.18401284285596,6.45686830687311,6.07631783468964,6.61675710817265,6.5360315402073,6.96051658175683,7.21534286366958,7.65984035827559,8.29802975456076
"Mmp19",7.29450718467576,7.42591918979928,7.22333817550546,7.41554434592311,7.3895112180023,6.99995032296489,8.08615926578769,7.79062610964807,7.87342826235189,8.98785752268173,9.08734884148918,8.66669843610478
"Slco1c1",5.22440914711562,5.09091323059221,5.29750722179071,4.92343524763784,4.98308039792155,5.2005356284065,6.4943006558212,6.97808079665907,6.91528618229184,6.00207411063421,6.21189134850885,6.30049876214897
"Alkal1",4.22658380256501,4.19010682483023,4.88925374783573,4.45567045444113,4.43051830861883,4.72699408539978,6.23718050152588,5.22861327688934,5.60740943659813,4.85782480324199,4.95678245988891,4.73769638860087
"Gm12695",6.24957829918546,5.89592716618805,6.03128855373023,7.12301527863015,6.28830338957724,7.40165712093337,6.714641917926,5.98551280385464,5.53855852644177,5.95362460907978,5.83581506761547,5.85616187170541
"Rgs22",8.3135844453451,8.0461206466206,8.43511534422565,8.56778497995036,8.00628151093401,8.22087218255811,8.15807675759821,8.04593272173461,7.98220569164324,7.0715853297676,7.07631182570976,7.24470550056937
"Rybp-ps",5.32298430919625,5.90732256835909,5.63082604927634,5.75120513178942,5.95380856997169,5.84854351395984,5.91232546800636,5.51955233862712,5.87923914997324,7.05324057415294,7.12919849711952,7.11047599734653
"G530011O06Rik",4.34725979230162,4.19721118777708,4.36513589918099,4.67233018925163,4.48181393756563,4.35212182351976,6.34222911632983,4.10298772550124,6.2321098154277,6.48807593345532,7.57281198017865,6.28138148686606
"Eid3",6.01313381760532,5.75554181935256,6.04124911439976,6.33311141394672,5.9169939009923,5.74792240815082,8.44208919905145,7.48552080969361,8.18573174165242,7.66362648017168,8.51994515124561,8.70963374543442
"Fam107b",7.11257752112457,6.83747915568609,6.58751896313622,7.13638313793131,7.03343935221242,6.8435070635468,7.37051612899935,6.99720869718769,7.05268016493218,7.82272656888089,8.48515520100023,8.15835495900637
"Oser1",5.87662956825039,6.40104565861639,6.13433209180891,6.17990807083901,6.51571302886198,6.67728272188976,6.87967208260934,6.83361826624948,6.2670655170433,7.36463537615079,7.48263458138155,7.58995711289109
"Aspn",7.44764129404499,7.39942196437255,7.09892651386609,7.07470771110384,7.7524374672825,7.54552438953334,7.24106183976701,7.42069524431831,7.21022273353894,6.16291267496849,6.49214961002236,6.15947067617616
"Pisd-ps3",7.71987353695206,9.10822589228764,7.59843086442516,7.26547712821009,7.21779373774513,7.42423146743704,9.19513199542579,9.61441342989733,8.85526041540456,6.92966330741511,6.73194504672408,6.74652441269972
"Sirpb1b",8.26254712884892,8.35468600436597,7.48820802249213,7.57125753300431,7.89406663342867,7.62455180022933,7.91089369117499,8.00623195429816,7.68365834719989,8.509662572597,8.88890422736073,8.45621392311923
"Slc16a9",8.98910911857918,9.1632655484975,9.03426589446659,8.44348623638229,8.94514763721058,8.59223103988429,7.73161807993674,8.1170197213035,8.09989071495847,7.84860919119768,8.16928069438108,7.69964688215825
"Clec14a",10.3571997340122,10.1613151911249,10.1610353059825,9.95626770683425,9.93846704114643,10.0291496461137,8.58240611932008,9.16842510605123,8.93547708694039,8.515230291278,8.74504695183893,8.49286242536033
"Chordc1",7.93665366989867,8.0444110419036,8.18119223040606,8.17694994673926,7.73109945650925,8.14479349058562,8.38835260185115,8.00665698685399,8.24651847915188,9.15163990646317,9.23541873661135,9.66513948731456
"Neat1",9.44421505874931,9.13087885306539,9.08252411991215,8.90728805094586,9.1679250505223,8.55067723379055,11.3435686015906,10.7067131173692,11.1133799687838,9.9856882532935,10.0663844263778,10.4269934800135
"1700024G13Rik",7.55088642469792,7.22819233421549,7.78047825134043,7.91662634643035,7.58136320644014,7.88566326323916,7.34837427160739,7.15885062442803,7.31001854671579,6.4752084707359,6.23505205233215,6.78703532845831
"2700038G22Rik",5.47684010074599,5.83297714715426,5.28098869558942,4.81546409010006,4.90412732268962,5.00649765174812,6.65603374373953,6.69648704944381,6.65243679848747,6.06167651169201,6.87956080004331,6.75769573503363
"Zswim6",8.57674686925463,8.48094322285599,8.72042404250914,8.1795304920014,8.31314122709849,8.25810737940534,8.9199312645506,8.63970934968696,8.86096107285587,9.1482426424268,9.24679689161759,9.45042923699268
"Dedd2",6.58801591083341,6.20682651509548,6.51460512330693,6.81254271228015,6.76308544021378,6.70033018660168,6.93716505188341,6.71137138969666,6.85585228368087,8.04834264525739,7.52126158140064,8.41477958678984
"Slc38a2",9.59754605514194,9.89662468615823,9.84243573701722,9.95858642157118,9.5022792586515,9.77143984493062,10.9516462542791,10.7367499323189,10.8627907169087,11.1424420700313,11.1996066613216,11.3691739628909
"Asprv1",4.9902938525632,4.86534188444868,5.05773170141124,5.25114829363549,5.4109304377234,5.29418548030895,5.81591567315049,5.04341912843068,5.01462122275674,6.30718745005462,6.48801713909117,6.95507285204034
"Coq10b",7.63414756174235,7.87598282383195,7.69953132927366,8.51111086388949,8.05927791421274,8.19235789840689,8.84257381380952,8.34843682737231,8.60312512657216,9.24804295401024,9.38696831165994,9.65663460810891
"Tmem100",11.2421560004188,11.3560133863145,11.2601858421601,10.9487516524182,10.9913259778892,11.113480737466,9.0832575656962,9.52418057496362,9.38854085831906,9.1217416291209,9.54341149722205,9.26946356952036
"Tubb6",6.74844485960778,6.67910870575785,7.37190962233285,7.44548614786626,7.34380198631698,6.78774873234884,8.06508009434733,7.70517624624975,7.78295695089321,8.41823543354272,8.52476474678062,8.44525608354535
"Lypd2",8.52791555024516,8.35438876277635,9.50677032026258,10.1101714504918,9.13464102693185,9.85521670725725,9.48871223991695,8.54472592509136,8.71957044514472,8.65149841973681,8.55569429445061,8.62272004735534
"Pmvk",7.69753051509953,7.92603766096964,7.88105422006327,8.39122870438218,8.8224867052553,8.71911293403684,9.46247619519476,8.82536524595843,9.43709657142441,10.1243028525233,10.0238670477954,10.162830214257
"Myct1",9.22528031929824,9.4152716435672,9.41154619905699,8.71656473935339,8.8429063634923,8.77186166224616,8.19963261879715,8.35335562058849,8.41376391348666,7.8730003838078,8.20209993860468,8.26119249555851
"Fendrr",10.3743924851813,10.1938902020877,10.2173904807486,9.62277741092861,9.79054750473126,9.88772469148729,9.73157623043684,9.69519537973524,9.91992073803151,8.69621580918223,8.72060156878988,8.26431767547205
"Rasl11a",7.04444937056628,7.789824324921,7.53975982279331,7.22792138437411,6.92997172145358,7.08892020377814,7.38996556954933,7.75465629665824,7.73032819601153,8.5916321130705,8.20265518883287,8.29338544968349
"Chac1",5.48092508537776,6.52577997518837,5.89109147086957,5.81936591425293,5.71816613548072,5.47184164773099,8.15043072207638,7.51254028040825,7.97929795768148,8.8181232858321,9.19313362051275,8.87448015353423
"Gtpbp4",8.58894118411161,8.73777289528166,8.4315035154084,8.87226647079807,8.57155326655873,8.80489954969985,9.11821125136115,9.17919947744421,9.30821431945977,9.74605907189424,9.83985991359613,9.91326021438755
"Ttc9",6.1580247640457,6.29007064060702,6.48900797726711,7.1761510200821,6.56211710165348,6.57290784443109,7.64632267116241,7.02895469157902,7.40435398287313,7.64918000093757,7.89167661148132,7.89869368616109
"Rhou",6.88600741533743,6.96130871605805,7.13794455603815,7.61683230096755,7.04628697080565,7.25896695634531,8.10549613757616,8.24320276481594,8.54472767697886,8.42750205473022,8.73620927265245,8.67232527249073
"Dusp16",8.47730587732355,8.57940384710271,8.27882376353301,8.63857678545145,8.25921221247584,8.57499486067645,9.29401844952169,9.39438917814735,9.57256210557916,9.90145471254597,9.7421345957214,9.68390889860528
"Prss22",6.05632749712979,5.90080639829535,6.10501093554176,5.77824729057079,6.20247011199024,5.77401357496613,6.66961424845671,6.23464573581769,6.40869157421047,6.93743374445315,7.36964236978887,6.673643735069
"Trim69",4.0861453500973,3.98106272830085,4.10391841440083,4.01961971134098,4.26742619885403,3.95440375316242,4.54081439609068,4.57140658443125,4.98115175865979,4.77636360980118,5.58341611615189,5.54244721617211
"Clec12b",7.27788224479599,7.15539439947432,6.64363164161557,6.89335721189539,6.86451555293091,7.33733247293978,8.13262892898861,8.54743543431959,8.88151081315471,7.50764049294137,8.23145251011292,7.95921347539313
"Esm1",6.47675763749221,6.47031522211783,6.76108686644745,6.81321456205433,8.18887947626828,6.97796360235584,6.25535063255499,6.40044263446852,5.8187799642301,5.94247039305771,6.24602746423377,6.28438031219505
"Mtfr2",4.87133189053641,4.74908291794215,4.67145203642696,4.90210735346613,4.98282539488,4.88370589780173,5.49918902266663,5.54290436198503,5.90819545904143,5.65917317368845,6.04222123837882,6.18485054488253
"Osgin1",7.93295877289872,7.84303202459073,7.94837536601315,8.35816994112613,8.56477303399398,8.3446545212997,10.2027114220959,8.91712341915312,9.65210493202302,10.6085100057432,11.1968041637257,10.8035391836972
"Efhc1",7.99172156984388,7.8255569872008,8.10037046168136,8.48496758854727,7.93762345589645,7.99553938377097,7.90600629673581,7.91061348768109,7.97963847543008,6.91423182168144,6.99495737752787,7.20859615373239
"Tsc22d2",7.75471772348567,7.82870344699176,7.84640926541412,7.95367881912852,7.56720871606163,7.90589836738208,8.74678157183608,8.47574683927995,8.47986446970255,8.97566660359108,9.35469562337377,9.24396763217502
"Usp36",7.61974661798255,7.3548111087918,7.42639976670382,7.26083488009553,7.24689013568604,7.17247822304112,8.05024355041666,7.93464418943276,7.99129771753288,8.04010345710468,8.34841951067436,8.36577904039981
"Mir19a",3.45324896801239,3.22231621488558,3.19922212157875,3.29341289111175,3.26231368030292,3.40875976535834,3.57818218133478,3.87926886299786,3.85219045172214,4.18101045962092,4.80616804215706,4.44606255462358
"Mir30c-2",4.83951788754063,4.93405772283159,5.25855289644764,5.29893294356939,5.05454850208219,5.44330614713614,5.7456046297696,6.16153000801181,6.34327742220528,5.11013404051775,5.99269588654974,5.7975188078976
"Zfp131",8.2510817127112,8.23465423186997,7.79514084032235,8.24544936631103,7.87770323039237,8.10914229901156,8.57821273354946,8.60234039731849,8.68393709478381,9.10919669127868,9.06685218833371,9.3467760783812
"Tmem173",8.1542966624932,8.03452575930212,8.16506994779607,7.65560176984102,7.50457633811491,7.21523583024425,8.442370543721,8.22855462141067,8.53904051744571,8.39770813347699,8.77948818206783,8.44885812437587
"Bbof1",7.21257880177086,6.54018354736339,7.50636507182336,8.04962514251838,7.84696787518936,7.65677900923212,7.09891318911654,6.80514847293505,6.87794702757392,6.00413776358755,6.69948609080792,6.60136621409332
"Tex35",5.09481634471625,5.1436117406672,5.03515803561698,5.04454411260572,5.40597928660236,5.50720894331336,6.30114314029134,5.99974624400874,6.37735530836361,5.71143932142166,5.7228335808893,5.70956575821488
"Mir701",6.60692502935207,5.7345539071852,6.38682707164873,5.81536042164224,5.5911820931416,5.52222874830743,5.73887686147987,5.5756553359897,5.72843372370642,3.63036089457627,4.02213773749651,4.47376883535371
"Glipr1",7.97564225614664,8.09373108953557,8.04041963216962,9.03431358402546,8.05942146017018,8.16354674946246,9.23885200759727,8.6850052890149,8.9293380565279,9.45858526809791,9.80923139771467,10.0744075266575
"Errfi1",9.62344052201743,10.0989669009965,10.0121626449141,10.5590692216048,10.2628913598451,10.1228155777264,10.8304263619177,10.8507771066848,11.1205523296899,11.4814194476282,11.5067989365489,11.5067544803757
"Stk40",8.28887618215207,8.52924255452277,8.46335331580777,8.32501237042588,8.28908443843146,8.29951776274219,9.32191075683682,8.82090661555068,9.1653489715723,9.40341848461401,9.66340396667053,9.73163334843407
"Ahcyl2",7.67917587725346,7.83669486511232,7.88412722947452,7.62411819206401,7.46391138357332,7.52037718375023,7.73257584848322,8.21417166178946,8.24106161064973,9.18073507700328,8.41908542009403,8.66158616057583
"Sgms2",7.50203095776457,7.14122088092835,7.38467911225685,7.72456239373018,7.34874011290103,7.55557313271061,8.77310065620282,8.3633492232823,8.80012628817371,8.66692560269242,9.22709203096634,9.22747067727424
"A730049H05Rik",5.37704141178049,5.42120610058122,5.25642456366458,5.43836625047608,5.31725419979434,5.25781357927893,5.8060885468417,5.97226994970086,6.17686364683747,6.40501162625992,7.53971201903344,7.00813645001699
"Pcf11",8.43133419346138,8.36336394383703,7.84398534554014,8.43104987545519,8.33357684108885,8.37998972615029,8.89722361228633,8.73810839515155,8.81068425378535,9.29134918198234,9.29336701788838,9.57041277893004
"Tex29",4.75964694492139,4.53197244622864,4.35253907778836,4.31881679715795,4.42253781168284,4.39259306999338,5.71902753889624,5.62407272992305,5.69335337102078,4.77199210607859,4.79817949969354,5.35391477815669
"C2cd4b",6.94703383341102,7.06524888409926,7.31490674074442,6.92218606166205,7.30700015883169,7.03486079397719,6.5443354256295,5.96108639869579,6.03911588593476,8.06085988509682,7.00940687189515,7.39709430078829
"Slc10a6",7.26717757027882,7.77873042554913,7.58100774275331,8.00047677244139,7.82662787813441,7.91324252272144,8.30074062476937,8.54534846566802,8.46277543382457,8.98387944585531,9.00940410226637,8.86140619774289
"2310067E19Rik",8.25947146187985,8.17123113794088,8.03910016303525,7.821936355149,7.67016058274253,7.45029749370265,7.12220803699994,7.27987373275155,7.43569719473162,6.43123018598945,6.6407499219007,6.5864845169799
"Mfsd2a",6.39683802206561,7.01507210143054,8.26274533058928,7.19551693337178,6.88705847374924,7.8189459756342,9.05242844209259,8.45772925574498,8.7416517326154,8.79445261836161,8.72604629095468,8.72223031493846
"Srxn1",6.99334460170761,7.29149306516193,7.32367755093842,7.32528318378424,7.16805885901246,7.21235374239852,9.02368607374008,8.04069905496899,8.75198602175826,9.46377350454699,10.1991149653627,9.47762696789597
"Ifi27l2a",7.11717708932148,6.91929408819723,7.16429286213702,7.55560564942288,6.68262409331059,6.7458756457419,6.90528569140692,7.06377579389916,6.82269915429194,6.23773813734441,5.7046986698616,5.95939977085042
"Prdm8",7.41855388387802,7.78511582635269,7.34927870635598,6.1834129403132,6.54129876890906,6.47623414586167,6.19914906957324,6.29620578443445,5.97733173839294,5.93192646939551,6.540134413289,6.28867549333719
"Lbh",11.5429521085775,11.3702186338459,11.3562753473063,10.9272615446251,11.019316744347,10.9607459263801,10.4304249522726,10.5204755369214,10.1777626327374,9.40509571042963,9.37618395934615,9.68722029742005
"Rdh12",5.2900678770826,5.36946186065453,5.11889542496912,5.45667182043446,5.6747144240616,5.204993698904,5.46055459386859,5.7223745556172,5.6326823433219,6.63398850685058,6.51185268119433,6.29114091861397
"Nuak1",8.08069260611668,7.63650539189718,7.77254041390102,7.51825111854556,7.22424039362947,7.44430991206385,6.99070539805578,6.77432790433926,6.56433755642148,6.49447965668231,6.48351837487968,6.57439160919825
"Sowahb",6.02416972543837,6.22875970852622,6.36571090537571,6.53233623638199,6.52987694986102,6.22932090347307,6.67164001180756,6.79069324611773,6.61139792755238,7.53244127913283,7.99452544756657,7.76509864269676
"B430010I23Rik",7.35359568983769,7.59398319621665,7.7513974857298,7.68334554161714,7.94554278169792,7.94268887910306,5.76680742892204,6.94892507540599,6.38632077313666,6.55571986902862,6.24522933095841,6.03668301649789
"Wsb1",8.84384174953407,8.90306964258438,8.53825983920817,7.87687737368042,7.92616656652784,7.93412657221268,9.06425613776599,9.29555390179527,9.51322024166167,9.23901940970899,9.55324973950779,9.6429137946009
"Tnfrsf23",6.3164426107269,6.58927790139737,6.31510313058713,5.79178834606105,6.17796483714683,6.51495613129771,7.150489207742,7.24043266209783,7.61445461556675,6.92337665199835,7.1978166636527,7.52600351199548
"Lrat",8.70676189786765,9.33076973431213,9.67001510475817,9.49807000042551,9.41221883667422,8.36569976576294,8.68060554377046,9.31493726504726,8.52217897037498,7.5802495609448,7.20022068435937,7.06839878537994
"Nfkbiz",7.45577143078861,7.40588996654901,7.34322404933955,6.99272181311076,7.21043043090285,6.76396264467055,7.88370819206024,7.65009261629377,7.57407695734806,8.09875748152026,8.08554938366875,8.22676622745502
"Hspb8",7.55927473198011,7.51297801923893,7.71344169200555,8.25937071998531,7.93178875894538,7.98365071893083,8.885222661534,8.28361307672243,8.48732940873525,9.4693407157382,9.36679412039801,9.39956565002105
"Cemip",4.89711589111214,5.0149360699511,5.16847727036473,4.80242590839834,4.9968494459473,4.88759592606628,5.66208162787971,4.73918905466691,5.00304228040699,5.52904606277938,5.70473632055326,6.52378263618012
"Dnajb1",7.16535585304623,7.24694876702284,7.4549703618735,7.45825431166084,7.35563429502123,7.38237597948936,8.59554799019149,7.62654467171549,8.42857798262947,10.7046536239743,10.0251467971016,10.6700987652922
"Tnxb",7.85740026331958,7.61121412027934,7.97910793460881,8.22931781647792,8.20250832344668,7.79316065392383,8.06284966540865,7.66858583043999,7.61348045977675,7.07304630570715,6.84476232871472,6.81984188824344
"Snhg1",7.34996910733375,7.23248767878127,7.54277540041591,7.34129212378444,7.43823070366729,7.46359606915651,8.02693298903539,8.13232609573701,8.39502284976959,8.35062185560532,8.73495771445107,8.76485896141323
"Pi15",6.82168929537424,6.88125067197169,6.86435659484442,6.41031784355481,6.31087584185684,6.17720846571907,7.07156857392461,7.83688935743497,8.30231791589092,7.28727542991421,7.52383582338603,7.40955619180859
"Atp1a2",9.39055153313405,9.20548695090289,9.25642465742524,9.34902244191928,8.92448352305228,9.07558105147494,8.49148999923815,8.46686653352392,8.21892096257522,7.9501456446916,7.81192752465944,7.97186558305391
"Tiparp",7.79279686338386,7.94156217961615,7.58221182774366,8.07723653358039,8.00837178818552,8.23095149005083,8.15278969322332,8.57677544961039,8.67475837369075,9.08112429553267,9.17956014153704,9.08662116898244
